<!-- If ModifierFlag::FN is pressed, retain keys to convert Fn+jkl to 123 (numpad) -->
<modifier_not>ModifierFlag::FN</modifier_not>

<autogen>--KeyToKey-- KeyCode::Q, KeyCode::QUOTE</autogen>
<autogen>--KeyToKey-- KeyCode::W, KeyCode::COMMA</autogen>
<autogen>--KeyToKey-- KeyCode::E, KeyCode::DOT</autogen>
<autogen>--KeyToKey-- KeyCode::R, KeyCode::P</autogen>
<autogen>--KeyToKey-- KeyCode::T, KeyCode::Y</autogen>
<autogen>--KeyToKey-- KeyCode::Y, KeyCode::F</autogen>
<autogen>--KeyToKey-- KeyCode::U, KeyCode::G</autogen>
<autogen>--KeyToKey-- KeyCode::I, KeyCode::C</autogen>
<autogen>--KeyToKey-- KeyCode::O, KeyCode::R</autogen>
<autogen>--KeyToKey-- KeyCode::P, KeyCode::L</autogen>
<autogen>--KeyToKey-- KeyCode::BRACKET_LEFT, KeyCode::SLASH</autogen>
<autogen>--KeyToKey-- KeyCode::BRACKET_RIGHT, KeyCode::EQUAL</autogen>
<autogen>--KeyToKey-- KeyCode::S, KeyCode::O</autogen>
<autogen>--KeyToKey-- KeyCode::D, KeyCode::E</autogen>
<autogen>--KeyToKey-- KeyCode::F, KeyCode::U</autogen>
<autogen>--KeyToKey-- KeyCode::G, KeyCode::I</autogen>
<autogen>--KeyToKey-- KeyCode::H, KeyCode::D</autogen>
<autogen>--KeyToKey-- KeyCode::J, KeyCode::H</autogen>
<autogen>--KeyToKey-- KeyCode::K, KeyCode::T</autogen>
<autogen>--KeyToKey-- KeyCode::L, KeyCode::N</autogen>
<autogen>--KeyToKey-- KeyCode::SEMICOLON, KeyCode::S</autogen>
<autogen>--KeyToKey-- KeyCode::QUOTE, KeyCode::MINUS</autogen>
<autogen>--KeyToKey-- KeyCode::Z, KeyCode::SEMICOLON</autogen>
<autogen>--KeyToKey-- KeyCode::X, KeyCode::Q</autogen>
<autogen>--KeyToKey-- KeyCode::C, KeyCode::J</autogen>
<autogen>--KeyToKey-- KeyCode::V, KeyCode::K</autogen>
<autogen>--KeyToKey-- KeyCode::B, KeyCode::X</autogen>
<autogen>--KeyToKey-- KeyCode::N, KeyCode::B</autogen>
<autogen>--KeyToKey-- KeyCode::COMMA, KeyCode::W</autogen>
<autogen>--KeyToKey-- KeyCode::DOT, KeyCode::V</autogen>
<autogen>--KeyToKey-- KeyCode::SLASH, KeyCode::Z</autogen>
<autogen>--KeyToKey-- KeyCode::MINUS, KeyCode::BRACKET_LEFT</autogen>
<autogen>--KeyToKey-- KeyCode::EQUAL, KeyCode::BRACKET_RIGHT</autogen>
