<!-- 上段 数字キー -->
<autogen>--KeyToKey-- KeyCode::KEY_1,   ModifierFlag::NONE, KeyCode::KEY_1,   ModifierFlag::OPTION_L</autogen>
<autogen>--KeyToKey-- KeyCode::KEY_2,   ModifierFlag::NONE, KeyCode::KEY_2,   ModifierFlag::OPTION_L</autogen>
<autogen>--KeyToKey-- KeyCode::KEY_3,   ModifierFlag::NONE, KeyCode::KEY_3,   ModifierFlag::OPTION_L</autogen>
<autogen>--KeyToKey-- KeyCode::KEY_4,   ModifierFlag::NONE, KeyCode::KEY_4,   ModifierFlag::OPTION_L</autogen>
<autogen>--KeyToKey-- KeyCode::KEY_5,   ModifierFlag::NONE, KeyCode::KEY_5,   ModifierFlag::OPTION_L</autogen>
<autogen>--KeyToKey-- KeyCode::KEY_6,   ModifierFlag::NONE, KeyCode::KEY_6,   ModifierFlag::OPTION_L</autogen>
<autogen>--KeyToKey-- KeyCode::KEY_7,   ModifierFlag::NONE, KeyCode::KEY_7,   ModifierFlag::OPTION_L</autogen>
<autogen>--KeyToKey-- KeyCode::KEY_8,   ModifierFlag::NONE, KeyCode::KEY_8,   ModifierFlag::OPTION_L</autogen>
<autogen>--KeyToKey-- KeyCode::KEY_9,   ModifierFlag::NONE, KeyCode::KEY_9,   ModifierFlag::OPTION_L</autogen>
<autogen>--KeyToKey-- KeyCode::KEY_0,   ModifierFlag::NONE, KeyCode::KEY_0,   ModifierFlag::OPTION_L</autogen>
<autogen>--KeyToKey-- KeyCode::MINUS,   ModifierFlag::NONE, KeyCode::MINUS,   ModifierFlag::OPTION_L</autogen>
<autogen>--KeyToKey-- KeyCode::JIS_HAT, ModifierFlag::NONE, KeyCode::JIS_HAT, ModifierFlag::OPTION_L</autogen>
<autogen>--KeyToKey-- KeyCode::JIS_YEN, ModifierFlag::NONE, KeyCode::JIS_YEN, ModifierFlag::OPTION_L</autogen>

<autogen>--KeyToKey-- KeyCode::KEY_1,   VK_SHIFT | ModifierFlag::NONE, KeyCode::KEY_1,   ModifierFlag::OPTION_L | ModifierFlag::SHIFT_L</autogen>
<autogen>--KeyToKey-- KeyCode::KEY_2,   VK_SHIFT | ModifierFlag::NONE, KeyCode::KEY_2,   ModifierFlag::OPTION_L | ModifierFlag::SHIFT_L</autogen>
<autogen>--KeyToKey-- KeyCode::KEY_3,   VK_SHIFT | ModifierFlag::NONE, KeyCode::KEY_3,   ModifierFlag::OPTION_L | ModifierFlag::SHIFT_L</autogen>
<autogen>--KeyToKey-- KeyCode::KEY_4,   VK_SHIFT | ModifierFlag::NONE, KeyCode::KEY_4,   ModifierFlag::OPTION_L | ModifierFlag::SHIFT_L</autogen>
<autogen>--KeyToKey-- KeyCode::KEY_5,   VK_SHIFT | ModifierFlag::NONE, KeyCode::KEY_5,   ModifierFlag::OPTION_L | ModifierFlag::SHIFT_L</autogen>
<autogen>--KeyToKey-- KeyCode::KEY_6,   VK_SHIFT | ModifierFlag::NONE, KeyCode::KEY_6,   ModifierFlag::OPTION_L | ModifierFlag::SHIFT_L</autogen>
<autogen>--KeyToKey-- KeyCode::KEY_7,   VK_SHIFT | ModifierFlag::NONE, KeyCode::KEY_7,   ModifierFlag::OPTION_L | ModifierFlag::SHIFT_L</autogen>
<autogen>--KeyToKey-- KeyCode::KEY_8,   VK_SHIFT | ModifierFlag::NONE, KeyCode::KEY_8,   ModifierFlag::OPTION_L | ModifierFlag::SHIFT_L</autogen>
<autogen>--KeyToKey-- KeyCode::KEY_9,   VK_SHIFT | ModifierFlag::NONE, KeyCode::KEY_9,   ModifierFlag::OPTION_L | ModifierFlag::SHIFT_L</autogen>
<autogen>--KeyToKey-- KeyCode::KEY_0,   VK_SHIFT | ModifierFlag::NONE, KeyCode::KEY_0,   ModifierFlag::OPTION_L | ModifierFlag::SHIFT_L</autogen>
<autogen>--KeyToKey-- KeyCode::MINUS,   VK_SHIFT | ModifierFlag::NONE, KeyCode::MINUS,   ModifierFlag::OPTION_L | ModifierFlag::SHIFT_L</autogen>
<autogen>--KeyToKey-- KeyCode::JIS_HAT, VK_SHIFT | ModifierFlag::NONE, KeyCode::JIS_HAT, ModifierFlag::OPTION_L | ModifierFlag::SHIFT_L</autogen>
<autogen>--KeyToKey-- KeyCode::JIS_YEN, VK_SHIFT | ModifierFlag::NONE, KeyCode::JIS_YEN, ModifierFlag::OPTION_L | ModifierFlag::SHIFT_L</autogen>

<autogen>--SimultaneousKeyPresses-- RIGHT_THUMB, KeyCode::KEY_1, KeyCode::SLASH, ModifierFlag::SHIFT_L | ModifierFlag::OPTION_L</autogen>
<autogen>--SimultaneousKeyPresses-- RIGHT_THUMB, KeyCode::KEY_2, KeyCode::SLASH, ModifierFlag::OPTION_L</autogen>
<autogen>--SimultaneousKeyPresses-- RIGHT_THUMB, KeyCode::KEY_3, KeyCode::JIS_HAT, ModifierFlag::SHIFT_L | ModifierFlag::OPTION_L</autogen>
<autogen>--SimultaneousKeyPresses-- RIGHT_THUMB, KeyCode::KEY_4, KeyCode::JIS_BRACKET_LEFT, ModifierFlag::SHIFT_L</autogen>
<autogen>--SimultaneousKeyPresses-- RIGHT_THUMB, KeyCode::KEY_5, KeyCode::JIS_BRACKET_RIGHT, ModifierFlag::SHIFT_L</autogen>
<autogen>--SimultaneousKeyPresses-- RIGHT_THUMB, KeyCode::KEY_6, KeyCode::JIS_BRACKET_LEFT, ModifierFlag::OPTION_L</autogen>
<autogen>--SimultaneousKeyPresses-- RIGHT_THUMB, KeyCode::KEY_7, KeyCode::JIS_BRACKET_RIGHT, ModifierFlag::OPTION_L</autogen>
<autogen>--SimultaneousKeyPresses-- RIGHT_THUMB, KeyCode::KEY_8, KeyCode::KEY_8, ModifierFlag::SHIFT_L | ModifierFlag::OPTION_L</autogen>
<autogen>--SimultaneousKeyPresses-- RIGHT_THUMB, KeyCode::KEY_9, KeyCode::KEY_9, ModifierFlag::SHIFT_L | ModifierFlag::OPTION_L</autogen>
<autogen>--SimultaneousKeyPresses-- RIGHT_THUMB, KeyCode::KEY_0, KeyCode::JIS_BRACKET_LEFT, ModifierFlag::SHIFT_L</autogen>
<autogen>--SimultaneousKeyPresses-- RIGHT_THUMB, KeyCode::MINUS,KeyCode::JIS_BRACKET_RIGHT, ModifierFlag::SHIFT_L</autogen>

<autogen>--SimultaneousKeyPresses-- LEFT_THUMB, KeyCode::KEY_1, KeyCode::SLASH, ModifierFlag::SHIFT_L | ModifierFlag::OPTION_L</autogen>
<autogen>--SimultaneousKeyPresses-- LEFT_THUMB, KeyCode::KEY_2, KeyCode::SLASH, ModifierFlag::OPTION_L</autogen>
<autogen>--SimultaneousKeyPresses-- LEFT_THUMB, KeyCode::KEY_3, KeyCode::JIS_HAT, ModifierFlag::SHIFT_L | ModifierFlag::OPTION_L</autogen>
<autogen>--SimultaneousKeyPresses-- LEFT_THUMB, KeyCode::KEY_4, KeyCode::JIS_BRACKET_LEFT, ModifierFlag::SHIFT_L</autogen>
<autogen>--SimultaneousKeyPresses-- LEFT_THUMB, KeyCode::KEY_5, KeyCode::JIS_BRACKET_RIGHT, ModifierFlag::SHIFT_L</autogen>
<autogen>--SimultaneousKeyPresses-- LEFT_THUMB, KeyCode::KEY_6, KeyCode::JIS_BRACKET_LEFT, ModifierFlag::OPTION_L</autogen>
<autogen>--SimultaneousKeyPresses-- LEFT_THUMB, KeyCode::KEY_7, KeyCode::JIS_BRACKET_RIGHT, ModifierFlag::OPTION_L</autogen>
<autogen>--SimultaneousKeyPresses-- LEFT_THUMB, KeyCode::KEY_8, KeyCode::KEY_8, ModifierFlag::SHIFT_L | ModifierFlag::OPTION_L</autogen>
<autogen>--SimultaneousKeyPresses-- LEFT_THUMB, KeyCode::KEY_9, KeyCode::KEY_9, ModifierFlag::SHIFT_L | ModifierFlag::OPTION_L</autogen>
<autogen>--SimultaneousKeyPresses-- LEFT_THUMB, KeyCode::KEY_0, KeyCode::JIS_BRACKET_LEFT, ModifierFlag::SHIFT_L</autogen>
<autogen>--SimultaneousKeyPresses-- LEFT_THUMB, KeyCode::MINUS,KeyCode::JIS_BRACKET_RIGHT, ModifierFlag::SHIFT_L</autogen>
