<?xml version="1.0"?>
<root>
  <list>
    <item>
      <name>Caps Lock</name>
      <list>
        <item>
          <name>Change Caps Lock</name>
          <enable>enable_capslock</enable>
          <keycode>keycode_capslock</keycode>
          <default>51</default>
          <appendix>Delete</appendix>
        </item>
      </list>
    </item>

    <item>
      <name>For Japanese</name>
      <list>
        <item>
          <name>Enable XFER Key</name>
          <enable>enable_jis_xfer</enable>
          <keycode>keycode_jis_xfer</keycode>
          <default>104</default>
          <appendix>KANA</appendix>
        </item>
        <item>
          <name>Enable NFER Key</name>
          <enable>enable_jis_nfer</enable>
          <keycode>keycode_jis_nfer</keycode>
          <default>102</default>
          <appendix>EISUU</appendix>
        </item>
        <item>
          <name>Enable KANA Key</name>
          <enable>enable_jis_kana</enable>
          <keycode>keycode_jis_kana</keycode>
          <default>54</default>
          <appendix>Command_R</appendix>
        </item>
      </list>
    </item>
  </list>
</root>
