<list>
  <item>
    <name>UpDown.EXTRA_Keys_mouse</name>
    <identifier>remap.jis_UpDown_EXTRA_Keys_mouse</identifier>
    <autogen>--KeyToPointingButton-- KeyCode::SEMICOLON, VK_COMMAND, ModifierFlag::EXTRA5, PointingButton::LEFT</autogen>
    <autogen>--KeyToPointingButton-- KeyCode::L, VK_COMMAND, ModifierFlag::EXTRA5, PointingButton::RIGHT</autogen>
  </item>

  <item>
    <name>UpDown.DvorakJP</name>
    <identifier>remap.jis_UpDown_DvorakJP</identifier>
    <inputmodedetail_only>JAPANESE_HIRAGANA, JAPANESE, JAPANESE_KATAKANA, JAPANESE_FULLWIDTH_ROMAN</inputmodedetail_only>
    <autogen>--KeyToKey-- KeyCode::C, ModifierFlag::NONE, KeyCode::K, ModifierFlag::NONE</autogen>
    <autogen>--KeyToKey-- KeyCode::Y, ModifierFlag::NONE, KeyCode::Y, ModifierFlag::NONE, KeyCode::I, ModifierFlag::NONE</autogen>
    <autogen>--KeyToKey-- KeyCode::U, ModifierFlag::NONE, KeyCode::Y, ModifierFlag::NONE, KeyCode::U, ModifierFlag::NONE</autogen>
    <autogen>--KeyToKey-- KeyCode::I, ModifierFlag::NONE, KeyCode::Y, ModifierFlag::NONE, KeyCode::E, ModifierFlag::NONE</autogen>
    <autogen>--KeyToKey-- KeyCode::O, ModifierFlag::NONE, KeyCode::Y, ModifierFlag::NONE, KeyCode::O, ModifierFlag::NONE</autogen>
    <autogen>--KeyToKey-- KeyCode::P, ModifierFlag::NONE, KeyCode::Y, ModifierFlag::NONE, KeyCode::A, ModifierFlag::NONE</autogen>
  </item>

  <item>
    <name>UpDown.Remap.Dvorak</name>
    <identifier>remap.jis_UpDown_Remap_Dvorak</identifier>
    <autogen>--KeyToKey-- KeyCode::F4, ModifierFlag::NONE, KeyCode::CONTROL_R, ModifierFlag::NONE</autogen>
    <autogen>--KeyToKey-- KeyCode::F5, ModifierFlag::NONE, KeyCode::SHIFT_R, ModifierFlag::NONE</autogen>
    <autogen>--KeyToKey-- KeyCode::F6, ModifierFlag::NONE, KeyCode::SPACE, ModifierFlag::NONE</autogen>
    <autogen>--KeyToKey-- KeyCode::F7, ModifierFlag::NONE, KeyCode::SHIFT_L, ModifierFlag::NONE</autogen>
    <autogen>--KeyToKey-- KeyCode::F8, ModifierFlag::NONE, KeyCode::CONTROL_L, ModifierFlag::NONE</autogen>
    <autogen>--KeyToKey-- KeyCode::KEY_1, ModifierFlag::NONE, KeyCode::F4, ModifierFlag::NONE</autogen>
    <autogen>--KeyToKey-- KeyCode::KEY_2, ModifierFlag::NONE, KeyCode::F5, ModifierFlag::NONE</autogen>
    <autogen>--KeyToKey-- KeyCode::KEY_3, ModifierFlag::NONE, KeyCode::F6, ModifierFlag::NONE</autogen>
    <autogen>--KeyToKey-- KeyCode::KEY_4, ModifierFlag::NONE, KeyCode::FORWARD_DELETE, ModifierFlag::NONE</autogen>
    <autogen>--KeyToKey-- KeyCode::KEY_6, ModifierFlag::NONE, KeyCode::VK_JIS_TOGGLE_EISUU_KANA, ModifierFlag::NONE</autogen>
    <autogen>--KeyToKey-- KeyCode::KEY_0, ModifierFlag::NONE, KeyCode::F7, ModifierFlag::NONE</autogen>
    <autogen>--KeyToKey-- KeyCode::MINUS, ModifierFlag::NONE, KeyCode::F8, ModifierFlag::NONE</autogen>
    <autogen>--KeyToKey-- KeyCode::EQUAL, ModifierFlag::NONE, KeyCode::F9, ModifierFlag::NONE</autogen>
    <autogen>--KeyToKey-- KeyCode::Q, ModifierFlag::NONE, KeyCode::Z, ModifierFlag::NONE</autogen>
    <autogen>--KeyToKey-- KeyCode::W, ModifierFlag::NONE, KeyCode::V, ModifierFlag::NONE</autogen>
    <autogen>--KeyToKey-- KeyCode::E, ModifierFlag::NONE, KeyCode::W, ModifierFlag::NONE</autogen>
    <autogen>--KeyToKey-- KeyCode::R, ModifierFlag::NONE, KeyCode::M, ModifierFlag::NONE</autogen>
    <autogen>--KeyToKey-- KeyCode::T, ModifierFlag::NONE, KeyCode::B, ModifierFlag::NONE</autogen>
    <autogen>--KeyToKey-- KeyCode::Y, ModifierFlag::NONE, KeyCode::X, ModifierFlag::NONE</autogen>
    <autogen>--KeyToKey-- KeyCode::U, ModifierFlag::NONE, KeyCode::K, ModifierFlag::NONE</autogen>
    <autogen>--KeyToKey-- KeyCode::I, ModifierFlag::NONE, KeyCode::J, ModifierFlag::NONE</autogen>
    <autogen>--KeyToKey-- KeyCode::O, ModifierFlag::NONE, KeyCode::Q, ModifierFlag::NONE</autogen>
    <autogen>--KeyToKey-- KeyCode::P, ModifierFlag::NONE, KeyCode::SEMICOLON, ModifierFlag::NONE</autogen>
    <autogen>--KeyToKey-- KeyCode::A, ModifierFlag::NONE, KeyCode::S, ModifierFlag::NONE</autogen>
    <autogen>--KeyToKey-- KeyCode::S, ModifierFlag::NONE, KeyCode::N, ModifierFlag::NONE</autogen>
    <autogen>--KeyToKey-- KeyCode::D, ModifierFlag::NONE, KeyCode::T, ModifierFlag::NONE</autogen>
    <autogen>--KeyToKey-- KeyCode::F, ModifierFlag::NONE, KeyCode::H, ModifierFlag::NONE</autogen>
    <autogen>--KeyToKey-- KeyCode::G, ModifierFlag::NONE, KeyCode::D, ModifierFlag::NONE</autogen>
    <autogen>--KeyToKey-- KeyCode::H, ModifierFlag::NONE, KeyCode::I, ModifierFlag::NONE</autogen>
    <autogen>--KeyToKey-- KeyCode::J, ModifierFlag::NONE, KeyCode::U, ModifierFlag::NONE</autogen>
    <autogen>--KeyToKey-- KeyCode::K, ModifierFlag::NONE, KeyCode::E, ModifierFlag::NONE</autogen>
    <autogen>--KeyToKey-- KeyCode::L, ModifierFlag::NONE, KeyCode::O, ModifierFlag::NONE</autogen>
    <autogen>--KeyToKey-- KeyCode::SEMICOLON, ModifierFlag::NONE, KeyCode::A, ModifierFlag::NONE</autogen>
    <autogen>--KeyToKey-- KeyCode::Z, ModifierFlag::NONE, KeyCode::L, ModifierFlag::NONE</autogen>
    <autogen>--KeyToKey-- KeyCode::X, ModifierFlag::NONE, KeyCode::R, ModifierFlag::NONE</autogen>
    <autogen>--KeyToKey-- KeyCode::C, ModifierFlag::NONE, KeyCode::C, ModifierFlag::NONE</autogen>
    <autogen>--KeyToKey-- KeyCode::V, ModifierFlag::NONE, KeyCode::G, ModifierFlag::NONE</autogen>
    <autogen>--KeyToKey-- KeyCode::B, ModifierFlag::NONE, KeyCode::F, ModifierFlag::NONE</autogen>
    <autogen>--KeyToKey-- KeyCode::N, ModifierFlag::NONE, KeyCode::Y, ModifierFlag::NONE</autogen>
    <autogen>--KeyToKey-- KeyCode::M, ModifierFlag::NONE, KeyCode::P, ModifierFlag::NONE</autogen>
    <autogen>--KeyToKey-- KeyCode::COMMA, ModifierFlag::NONE, KeyCode::DOT, ModifierFlag::NONE</autogen>
    <autogen>--KeyToKey-- KeyCode::DOT, ModifierFlag::NONE, KeyCode::COMMA, ModifierFlag::NONE</autogen>
    <autogen>--KeyToKey-- KeyCode::SLASH, ModifierFlag::NONE, KeyCode::QUOTE, ModifierFlag::NONE</autogen>
    <autogen>--KeyToKey-- KeyCode::SPACE, ModifierFlag::NONE, KeyCode::TAB, ModifierFlag::NONE</autogen>
    <autogen>--KeyToKey-- KeyCode::CURSOR_LEFT, ModifierFlag::NONE, KeyCode::ESCAPE, ModifierFlag::NONE</autogen>
    <autogen>--KeyToKey-- KeyCode::F4, VK_SHIFT, KeyCode::CONTROL_R, VK_SHIFT</autogen>
    <autogen>--KeyToKey-- KeyCode::F5, VK_SHIFT, KeyCode::SHIFT_R, VK_SHIFT</autogen>
    <autogen>--KeyToKey-- KeyCode::F6, VK_SHIFT, KeyCode::SPACE, VK_SHIFT</autogen>
    <autogen>--KeyToKey-- KeyCode::F7, VK_SHIFT, KeyCode::SHIFT_L, VK_SHIFT</autogen>
    <autogen>--KeyToKey-- KeyCode::F8, VK_SHIFT, KeyCode::CONTROL_L, VK_SHIFT</autogen>
    <autogen>--KeyToKey-- KeyCode::KEY_1, VK_SHIFT, KeyCode::F4, VK_SHIFT</autogen>
    <autogen>--KeyToKey-- KeyCode::KEY_2, VK_SHIFT, KeyCode::F5, VK_SHIFT</autogen>
    <autogen>--KeyToKey-- KeyCode::KEY_3, VK_SHIFT, KeyCode::F6, VK_SHIFT</autogen>
    <autogen>--KeyToKey-- KeyCode::KEY_4, VK_SHIFT, KeyCode::FORWARD_DELETE, VK_SHIFT</autogen>
    <autogen>--KeyToKey-- KeyCode::KEY_6, VK_SHIFT, KeyCode::VK_JIS_TOGGLE_EISUU_KANA, VK_SHIFT</autogen>
    <autogen>--KeyToKey-- KeyCode::KEY_0, VK_SHIFT, KeyCode::F7, VK_SHIFT</autogen>
    <autogen>--KeyToKey-- KeyCode::MINUS, VK_SHIFT, KeyCode::F8, VK_SHIFT</autogen>
    <autogen>--KeyToKey-- KeyCode::EQUAL, VK_SHIFT, KeyCode::F9, VK_SHIFT</autogen>
    <autogen>--KeyToKey-- KeyCode::Q, VK_SHIFT, KeyCode::Z, VK_SHIFT</autogen>
    <autogen>--KeyToKey-- KeyCode::W, VK_SHIFT, KeyCode::V, VK_SHIFT</autogen>
    <autogen>--KeyToKey-- KeyCode::E, VK_SHIFT, KeyCode::W, VK_SHIFT</autogen>
    <autogen>--KeyToKey-- KeyCode::R, VK_SHIFT, KeyCode::M, VK_SHIFT</autogen>
    <autogen>--KeyToKey-- KeyCode::T, VK_SHIFT, KeyCode::B, VK_SHIFT</autogen>
    <autogen>--KeyToKey-- KeyCode::Y, VK_SHIFT, KeyCode::X, VK_SHIFT</autogen>
    <autogen>--KeyToKey-- KeyCode::U, VK_SHIFT, KeyCode::K, VK_SHIFT</autogen>
    <autogen>--KeyToKey-- KeyCode::I, VK_SHIFT, KeyCode::J, VK_SHIFT</autogen>
    <autogen>--KeyToKey-- KeyCode::O, VK_SHIFT, KeyCode::Q, VK_SHIFT</autogen>
    <autogen>--KeyToKey-- KeyCode::P, VK_SHIFT, KeyCode::SEMICOLON, VK_SHIFT</autogen>
    <autogen>--KeyToKey-- KeyCode::A, VK_SHIFT, KeyCode::S, VK_SHIFT</autogen>
    <autogen>--KeyToKey-- KeyCode::S, VK_SHIFT, KeyCode::N, VK_SHIFT</autogen>
    <autogen>--KeyToKey-- KeyCode::D, VK_SHIFT, KeyCode::T, VK_SHIFT</autogen>
    <autogen>--KeyToKey-- KeyCode::F, VK_SHIFT, KeyCode::H, VK_SHIFT</autogen>
    <autogen>--KeyToKey-- KeyCode::G, VK_SHIFT, KeyCode::D, VK_SHIFT</autogen>
    <autogen>--KeyToKey-- KeyCode::H, VK_SHIFT, KeyCode::I, VK_SHIFT</autogen>
    <autogen>--KeyToKey-- KeyCode::J, VK_SHIFT, KeyCode::U, VK_SHIFT</autogen>
    <autogen>--KeyToKey-- KeyCode::K, VK_SHIFT, KeyCode::E, VK_SHIFT</autogen>
    <autogen>--KeyToKey-- KeyCode::L, VK_SHIFT, KeyCode::O, VK_SHIFT</autogen>
    <autogen>--KeyToKey-- KeyCode::SEMICOLON, VK_SHIFT, KeyCode::A, VK_SHIFT</autogen>
    <autogen>--KeyToKey-- KeyCode::Z, VK_SHIFT, KeyCode::L, VK_SHIFT</autogen>
    <autogen>--KeyToKey-- KeyCode::X, VK_SHIFT, KeyCode::R, VK_SHIFT</autogen>
    <autogen>--KeyToKey-- KeyCode::C, VK_SHIFT, KeyCode::C, VK_SHIFT</autogen>
    <autogen>--KeyToKey-- KeyCode::V, VK_SHIFT, KeyCode::G, VK_SHIFT</autogen>
    <autogen>--KeyToKey-- KeyCode::B, VK_SHIFT, KeyCode::F, VK_SHIFT</autogen>
    <autogen>--KeyToKey-- KeyCode::N, VK_SHIFT, KeyCode::Y, VK_SHIFT</autogen>
    <autogen>--KeyToKey-- KeyCode::M, VK_SHIFT, KeyCode::P, VK_SHIFT</autogen>
    <autogen>--KeyToKey-- KeyCode::COMMA, VK_SHIFT, KeyCode::DOT, VK_SHIFT</autogen>
    <autogen>--KeyToKey-- KeyCode::DOT, VK_SHIFT, KeyCode::COMMA, VK_SHIFT</autogen>
    <autogen>--KeyToKey-- KeyCode::SLASH, VK_SHIFT, KeyCode::QUOTE, VK_SHIFT</autogen>
    <autogen>--KeyToKey-- KeyCode::SPACE, VK_SHIFT, KeyCode::TAB, VK_SHIFT</autogen>
    <autogen>--KeyToKey-- KeyCode::CURSOR_LEFT, VK_SHIFT, KeyCode::ESCAPE, VK_SHIFT</autogen>
    <autogen>--KeyToKey-- KeyCode::F4, VK_CONTROL, KeyCode::CONTROL_R, VK_CONTROL</autogen>
    <autogen>--KeyToKey-- KeyCode::F5, VK_CONTROL, KeyCode::SHIFT_R, VK_CONTROL</autogen>
    <autogen>--KeyToKey-- KeyCode::F6, VK_CONTROL, KeyCode::SPACE, VK_CONTROL</autogen>
    <autogen>--KeyToKey-- KeyCode::F7, VK_CONTROL, KeyCode::SHIFT_L, VK_CONTROL</autogen>
    <autogen>--KeyToKey-- KeyCode::F8, VK_CONTROL, KeyCode::CONTROL_L, VK_CONTROL</autogen>
    <autogen>--KeyToKey-- KeyCode::KEY_1, VK_CONTROL, KeyCode::F4, VK_CONTROL</autogen>
    <autogen>--KeyToKey-- KeyCode::KEY_2, VK_CONTROL, KeyCode::F5, VK_CONTROL</autogen>
    <autogen>--KeyToKey-- KeyCode::KEY_3, VK_CONTROL, KeyCode::F6, VK_CONTROL</autogen>
    <autogen>--KeyToKey-- KeyCode::KEY_4, VK_CONTROL, KeyCode::FORWARD_DELETE, VK_CONTROL</autogen>
    <autogen>--KeyToKey-- KeyCode::KEY_6, VK_CONTROL, KeyCode::VK_JIS_TOGGLE_EISUU_KANA, VK_CONTROL</autogen>
    <autogen>--KeyToKey-- KeyCode::KEY_0, VK_CONTROL, KeyCode::F7, VK_CONTROL</autogen>
    <autogen>--KeyToKey-- KeyCode::MINUS, VK_CONTROL, KeyCode::F8, VK_CONTROL</autogen>
    <autogen>--KeyToKey-- KeyCode::EQUAL, VK_CONTROL, KeyCode::F9, VK_CONTROL</autogen>
    <autogen>--KeyToKey-- KeyCode::Q, VK_CONTROL, KeyCode::Z, VK_CONTROL</autogen>
    <autogen>--KeyToKey-- KeyCode::W, VK_CONTROL, KeyCode::V, VK_CONTROL</autogen>
    <autogen>--KeyToKey-- KeyCode::E, VK_CONTROL, KeyCode::W, VK_CONTROL</autogen>
    <autogen>--KeyToKey-- KeyCode::R, VK_CONTROL, KeyCode::M, VK_CONTROL</autogen>
    <autogen>--KeyToKey-- KeyCode::T, VK_CONTROL, KeyCode::B, VK_CONTROL</autogen>
    <autogen>--KeyToKey-- KeyCode::Y, VK_CONTROL, KeyCode::X, VK_CONTROL</autogen>
    <autogen>--KeyToKey-- KeyCode::U, VK_CONTROL, KeyCode::K, VK_CONTROL</autogen>
    <autogen>--KeyToKey-- KeyCode::I, VK_CONTROL, KeyCode::J, VK_CONTROL</autogen>
    <autogen>--KeyToKey-- KeyCode::O, VK_CONTROL, KeyCode::Q, VK_CONTROL</autogen>
    <autogen>--KeyToKey-- KeyCode::P, VK_CONTROL, KeyCode::SEMICOLON, VK_CONTROL</autogen>
    <autogen>--KeyToKey-- KeyCode::A, VK_CONTROL, KeyCode::S, VK_CONTROL</autogen>
    <autogen>--KeyToKey-- KeyCode::S, VK_CONTROL, KeyCode::N, VK_CONTROL</autogen>
    <autogen>--KeyToKey-- KeyCode::D, VK_CONTROL, KeyCode::T, VK_CONTROL</autogen>
    <autogen>--KeyToKey-- KeyCode::F, VK_CONTROL, KeyCode::H, VK_CONTROL</autogen>
    <autogen>--KeyToKey-- KeyCode::G, VK_CONTROL, KeyCode::D, VK_CONTROL</autogen>
    <autogen>--KeyToKey-- KeyCode::H, VK_CONTROL, KeyCode::I, VK_CONTROL</autogen>
    <autogen>--KeyToKey-- KeyCode::J, VK_CONTROL, KeyCode::U, VK_CONTROL</autogen>
    <autogen>--KeyToKey-- KeyCode::K, VK_CONTROL, KeyCode::E, VK_CONTROL</autogen>
    <autogen>--KeyToKey-- KeyCode::L, VK_CONTROL, KeyCode::O, VK_CONTROL</autogen>
    <autogen>--KeyToKey-- KeyCode::SEMICOLON, VK_CONTROL, KeyCode::A, VK_CONTROL</autogen>
    <autogen>--KeyToKey-- KeyCode::Z, VK_CONTROL, KeyCode::L, VK_CONTROL</autogen>
    <autogen>--KeyToKey-- KeyCode::X, VK_CONTROL, KeyCode::R, VK_CONTROL</autogen>
    <autogen>--KeyToKey-- KeyCode::C, VK_CONTROL, KeyCode::C, VK_CONTROL</autogen>
    <autogen>--KeyToKey-- KeyCode::V, VK_CONTROL, KeyCode::G, VK_CONTROL</autogen>
    <autogen>--KeyToKey-- KeyCode::B, VK_CONTROL, KeyCode::F, VK_CONTROL</autogen>
    <autogen>--KeyToKey-- KeyCode::N, VK_CONTROL, KeyCode::Y, VK_CONTROL</autogen>
    <autogen>--KeyToKey-- KeyCode::M, VK_CONTROL, KeyCode::P, VK_CONTROL</autogen>
    <autogen>--KeyToKey-- KeyCode::COMMA, VK_CONTROL, KeyCode::DOT, VK_CONTROL</autogen>
    <autogen>--KeyToKey-- KeyCode::DOT, VK_CONTROL, KeyCode::COMMA, VK_CONTROL</autogen>
    <autogen>--KeyToKey-- KeyCode::SLASH, VK_CONTROL, KeyCode::QUOTE, VK_CONTROL</autogen>
    <autogen>--KeyToKey-- KeyCode::SPACE, VK_CONTROL, KeyCode::TAB, VK_CONTROL</autogen>
    <autogen>--KeyToKey-- KeyCode::CURSOR_LEFT, VK_CONTROL, KeyCode::ESCAPE, VK_CONTROL</autogen>
    <autogen>--KeyToKey-- KeyCode::F4, VK_OPTION, KeyCode::CONTROL_R, VK_OPTION</autogen>
    <autogen>--KeyToKey-- KeyCode::F5, VK_OPTION, KeyCode::SHIFT_R, VK_OPTION</autogen>
    <autogen>--KeyToKey-- KeyCode::F6, VK_OPTION, KeyCode::SPACE, VK_OPTION</autogen>
    <autogen>--KeyToKey-- KeyCode::F7, VK_OPTION, KeyCode::SHIFT_L, VK_OPTION</autogen>
    <autogen>--KeyToKey-- KeyCode::F8, VK_OPTION, KeyCode::CONTROL_L, VK_OPTION</autogen>
    <autogen>--KeyToKey-- KeyCode::KEY_1, VK_OPTION, KeyCode::F4, VK_OPTION</autogen>
    <autogen>--KeyToKey-- KeyCode::KEY_2, VK_OPTION, KeyCode::F5, VK_OPTION</autogen>
    <autogen>--KeyToKey-- KeyCode::KEY_3, VK_OPTION, KeyCode::F6, VK_OPTION</autogen>
    <autogen>--KeyToKey-- KeyCode::KEY_4, VK_OPTION, KeyCode::FORWARD_DELETE, VK_OPTION</autogen>
    <autogen>--KeyToKey-- KeyCode::KEY_6, VK_OPTION, KeyCode::VK_JIS_TOGGLE_EISUU_KANA, VK_OPTION</autogen>
    <autogen>--KeyToKey-- KeyCode::KEY_0, VK_OPTION, KeyCode::F7, VK_OPTION</autogen>
    <autogen>--KeyToKey-- KeyCode::MINUS, VK_OPTION, KeyCode::F8, VK_OPTION</autogen>
    <autogen>--KeyToKey-- KeyCode::EQUAL, VK_OPTION, KeyCode::F9, VK_OPTION</autogen>
    <autogen>--KeyToKey-- KeyCode::Q, VK_OPTION, KeyCode::Z, VK_OPTION</autogen>
    <autogen>--KeyToKey-- KeyCode::W, VK_OPTION, KeyCode::V, VK_OPTION</autogen>
    <autogen>--KeyToKey-- KeyCode::E, VK_OPTION, KeyCode::W, VK_OPTION</autogen>
    <autogen>--KeyToKey-- KeyCode::R, VK_OPTION, KeyCode::M, VK_OPTION</autogen>
    <autogen>--KeyToKey-- KeyCode::T, VK_OPTION, KeyCode::B, VK_OPTION</autogen>
    <autogen>--KeyToKey-- KeyCode::Y, VK_OPTION, KeyCode::X, VK_OPTION</autogen>
    <autogen>--KeyToKey-- KeyCode::U, VK_OPTION, KeyCode::K, VK_OPTION</autogen>
    <autogen>--KeyToKey-- KeyCode::I, VK_OPTION, KeyCode::J, VK_OPTION</autogen>
    <autogen>--KeyToKey-- KeyCode::O, VK_OPTION, KeyCode::Q, VK_OPTION</autogen>
    <autogen>--KeyToKey-- KeyCode::P, VK_OPTION, KeyCode::SEMICOLON, VK_OPTION</autogen>
    <autogen>--KeyToKey-- KeyCode::A, VK_OPTION, KeyCode::S, VK_OPTION</autogen>
    <autogen>--KeyToKey-- KeyCode::S, VK_OPTION, KeyCode::N, VK_OPTION</autogen>
    <autogen>--KeyToKey-- KeyCode::D, VK_OPTION, KeyCode::T, VK_OPTION</autogen>
    <autogen>--KeyToKey-- KeyCode::F, VK_OPTION, KeyCode::H, VK_OPTION</autogen>
    <autogen>--KeyToKey-- KeyCode::G, VK_OPTION, KeyCode::D, VK_OPTION</autogen>
    <autogen>--KeyToKey-- KeyCode::H, VK_OPTION, KeyCode::I, VK_OPTION</autogen>
    <autogen>--KeyToKey-- KeyCode::J, VK_OPTION, KeyCode::U, VK_OPTION</autogen>
    <autogen>--KeyToKey-- KeyCode::K, VK_OPTION, KeyCode::E, VK_OPTION</autogen>
    <autogen>--KeyToKey-- KeyCode::L, VK_OPTION, KeyCode::O, VK_OPTION</autogen>
    <autogen>--KeyToKey-- KeyCode::SEMICOLON, VK_OPTION, KeyCode::A, VK_OPTION</autogen>
    <autogen>--KeyToKey-- KeyCode::Z, VK_OPTION, KeyCode::L, VK_OPTION</autogen>
    <autogen>--KeyToKey-- KeyCode::X, VK_OPTION, KeyCode::R, VK_OPTION</autogen>
    <autogen>--KeyToKey-- KeyCode::C, VK_OPTION, KeyCode::C, VK_OPTION</autogen>
    <autogen>--KeyToKey-- KeyCode::V, VK_OPTION, KeyCode::G, VK_OPTION</autogen>
    <autogen>--KeyToKey-- KeyCode::B, VK_OPTION, KeyCode::F, VK_OPTION</autogen>
    <autogen>--KeyToKey-- KeyCode::N, VK_OPTION, KeyCode::Y, VK_OPTION</autogen>
    <autogen>--KeyToKey-- KeyCode::M, VK_OPTION, KeyCode::P, VK_OPTION</autogen>
    <autogen>--KeyToKey-- KeyCode::COMMA, VK_OPTION, KeyCode::DOT, VK_OPTION</autogen>
    <autogen>--KeyToKey-- KeyCode::DOT, VK_OPTION, KeyCode::COMMA, VK_OPTION</autogen>
    <autogen>--KeyToKey-- KeyCode::SLASH, VK_OPTION, KeyCode::QUOTE, VK_OPTION</autogen>
    <autogen>--KeyToKey-- KeyCode::SPACE, VK_OPTION, KeyCode::TAB, VK_OPTION</autogen>
    <autogen>--KeyToKey-- KeyCode::CURSOR_LEFT, VK_OPTION, KeyCode::ESCAPE, VK_OPTION</autogen>
    <autogen>--KeyToKey-- KeyCode::F4, VK_COMMAND, KeyCode::CONTROL_R, VK_COMMAND</autogen>
    <autogen>--KeyToKey-- KeyCode::F5, VK_COMMAND, KeyCode::SHIFT_R, VK_COMMAND</autogen>
    <autogen>--KeyToKey-- KeyCode::F6, VK_COMMAND, KeyCode::SPACE, VK_COMMAND</autogen>
    <autogen>--KeyToKey-- KeyCode::F7, VK_COMMAND, KeyCode::SHIFT_L, VK_COMMAND</autogen>
    <autogen>--KeyToKey-- KeyCode::F8, VK_COMMAND, KeyCode::CONTROL_L, VK_COMMAND</autogen>
    <autogen>--KeyToKey-- KeyCode::KEY_1, VK_COMMAND, KeyCode::F4, VK_COMMAND</autogen>
    <autogen>--KeyToKey-- KeyCode::KEY_2, VK_COMMAND, KeyCode::F5, VK_COMMAND</autogen>
    <autogen>--KeyToKey-- KeyCode::KEY_3, VK_COMMAND, KeyCode::F6, VK_COMMAND</autogen>
    <autogen>--KeyToKey-- KeyCode::KEY_4, VK_COMMAND, KeyCode::FORWARD_DELETE, VK_COMMAND</autogen>
    <autogen>--KeyToKey-- KeyCode::KEY_6, VK_COMMAND, KeyCode::VK_JIS_TOGGLE_EISUU_KANA, VK_COMMAND</autogen>
    <autogen>--KeyToKey-- KeyCode::KEY_0, VK_COMMAND, KeyCode::F7, VK_COMMAND</autogen>
    <autogen>--KeyToKey-- KeyCode::MINUS, VK_COMMAND, KeyCode::F8, VK_COMMAND</autogen>
    <autogen>--KeyToKey-- KeyCode::EQUAL, VK_COMMAND, KeyCode::F9, VK_COMMAND</autogen>
    <autogen>--KeyToKey-- KeyCode::Q, VK_COMMAND, KeyCode::Z, VK_COMMAND</autogen>
    <autogen>--KeyToKey-- KeyCode::W, VK_COMMAND, KeyCode::V, VK_COMMAND</autogen>
    <autogen>--KeyToKey-- KeyCode::E, VK_COMMAND, KeyCode::W, VK_COMMAND</autogen>
    <autogen>--KeyToKey-- KeyCode::R, VK_COMMAND, KeyCode::M, VK_COMMAND</autogen>
    <autogen>--KeyToKey-- KeyCode::T, VK_COMMAND, KeyCode::B, VK_COMMAND</autogen>
    <autogen>--KeyToKey-- KeyCode::Y, VK_COMMAND, KeyCode::X, VK_COMMAND</autogen>
    <autogen>--KeyToKey-- KeyCode::U, VK_COMMAND, KeyCode::K, VK_COMMAND</autogen>
    <autogen>--KeyToKey-- KeyCode::I, VK_COMMAND, KeyCode::J, VK_COMMAND</autogen>
    <autogen>--KeyToKey-- KeyCode::O, VK_COMMAND, KeyCode::Q, VK_COMMAND</autogen>
    <autogen>--KeyToKey-- KeyCode::P, VK_COMMAND, KeyCode::SEMICOLON, VK_COMMAND</autogen>
    <autogen>--KeyToKey-- KeyCode::A, VK_COMMAND, KeyCode::S, VK_COMMAND</autogen>
    <autogen>--KeyToKey-- KeyCode::S, VK_COMMAND, KeyCode::N, VK_COMMAND</autogen>
    <autogen>--KeyToKey-- KeyCode::D, VK_COMMAND, KeyCode::T, VK_COMMAND</autogen>
    <autogen>--KeyToKey-- KeyCode::F, VK_COMMAND, KeyCode::H, VK_COMMAND</autogen>
    <autogen>--KeyToKey-- KeyCode::G, VK_COMMAND, KeyCode::D, VK_COMMAND</autogen>
    <autogen>--KeyToKey-- KeyCode::H, VK_COMMAND, KeyCode::I, VK_COMMAND</autogen>
    <autogen>--KeyToKey-- KeyCode::J, VK_COMMAND, KeyCode::U, VK_COMMAND</autogen>
    <autogen>--KeyToKey-- KeyCode::K, VK_COMMAND, KeyCode::E, VK_COMMAND</autogen>
    <autogen>--KeyToKey-- KeyCode::L, VK_COMMAND, KeyCode::O, VK_COMMAND</autogen>
    <autogen>--KeyToKey-- KeyCode::SEMICOLON, VK_COMMAND, KeyCode::A, VK_COMMAND</autogen>
    <autogen>--KeyToKey-- KeyCode::Z, VK_COMMAND, KeyCode::L, VK_COMMAND</autogen>
    <autogen>--KeyToKey-- KeyCode::X, VK_COMMAND, KeyCode::R, VK_COMMAND</autogen>
    <autogen>--KeyToKey-- KeyCode::C, VK_COMMAND, KeyCode::C, VK_COMMAND</autogen>
    <autogen>--KeyToKey-- KeyCode::V, VK_COMMAND, KeyCode::G, VK_COMMAND</autogen>
    <autogen>--KeyToKey-- KeyCode::B, VK_COMMAND, KeyCode::F, VK_COMMAND</autogen>
    <autogen>--KeyToKey-- KeyCode::N, VK_COMMAND, KeyCode::Y, VK_COMMAND</autogen>
    <autogen>--KeyToKey-- KeyCode::M, VK_COMMAND, KeyCode::P, VK_COMMAND</autogen>
    <autogen>--KeyToKey-- KeyCode::COMMA, VK_COMMAND, KeyCode::DOT, VK_COMMAND</autogen>
    <autogen>--KeyToKey-- KeyCode::DOT, VK_COMMAND, KeyCode::COMMA, VK_COMMAND</autogen>
    <autogen>--KeyToKey-- KeyCode::SLASH, VK_COMMAND, KeyCode::QUOTE, VK_COMMAND</autogen>
    <autogen>--KeyToKey-- KeyCode::SPACE, VK_COMMAND, KeyCode::TAB, VK_COMMAND</autogen>
    <autogen>--KeyToKey-- KeyCode::CURSOR_LEFT, VK_COMMAND, KeyCode::ESCAPE, VK_COMMAND</autogen>
    <autogen>--KeyToKey-- KeyCode::F4, ModifierFlag::FN, KeyCode::CONTROL_R, ModifierFlag::FN</autogen>
    <autogen>--KeyToKey-- KeyCode::F5, ModifierFlag::FN, KeyCode::SHIFT_R, ModifierFlag::FN</autogen>
    <autogen>--KeyToKey-- KeyCode::F6, ModifierFlag::FN, KeyCode::SPACE, ModifierFlag::FN</autogen>
    <autogen>--KeyToKey-- KeyCode::F7, ModifierFlag::FN, KeyCode::SHIFT_L, ModifierFlag::FN</autogen>
    <autogen>--KeyToKey-- KeyCode::F8, ModifierFlag::FN, KeyCode::CONTROL_L, ModifierFlag::FN</autogen>
    <autogen>--KeyToKey-- KeyCode::KEY_1, ModifierFlag::FN, KeyCode::F4, ModifierFlag::FN</autogen>
    <autogen>--KeyToKey-- KeyCode::KEY_2, ModifierFlag::FN, KeyCode::F5, ModifierFlag::FN</autogen>
    <autogen>--KeyToKey-- KeyCode::KEY_3, ModifierFlag::FN, KeyCode::F6, ModifierFlag::FN</autogen>
    <autogen>--KeyToKey-- KeyCode::KEY_4, ModifierFlag::FN, KeyCode::FORWARD_DELETE, ModifierFlag::FN</autogen>
    <autogen>--KeyToKey-- KeyCode::KEY_6, ModifierFlag::FN, KeyCode::VK_JIS_TOGGLE_EISUU_KANA, ModifierFlag::FN</autogen>
    <autogen>--KeyToKey-- KeyCode::KEY_0, ModifierFlag::FN, KeyCode::F7, ModifierFlag::FN</autogen>
    <autogen>--KeyToKey-- KeyCode::MINUS, ModifierFlag::FN, KeyCode::F8, ModifierFlag::FN</autogen>
    <autogen>--KeyToKey-- KeyCode::EQUAL, ModifierFlag::FN, KeyCode::F9, ModifierFlag::FN</autogen>
    <autogen>--KeyToKey-- KeyCode::Q, ModifierFlag::FN, KeyCode::Z, ModifierFlag::FN</autogen>
    <autogen>--KeyToKey-- KeyCode::W, ModifierFlag::FN, KeyCode::V, ModifierFlag::FN</autogen>
    <autogen>--KeyToKey-- KeyCode::E, ModifierFlag::FN, KeyCode::W, ModifierFlag::FN</autogen>
    <autogen>--KeyToKey-- KeyCode::R, ModifierFlag::FN, KeyCode::M, ModifierFlag::FN</autogen>
    <autogen>--KeyToKey-- KeyCode::T, ModifierFlag::FN, KeyCode::B, ModifierFlag::FN</autogen>
    <autogen>--KeyToKey-- KeyCode::Y, ModifierFlag::FN, KeyCode::X, ModifierFlag::FN</autogen>
    <autogen>--KeyToKey-- KeyCode::U, ModifierFlag::FN, KeyCode::K, ModifierFlag::FN</autogen>
    <autogen>--KeyToKey-- KeyCode::I, ModifierFlag::FN, KeyCode::J, ModifierFlag::FN</autogen>
    <autogen>--KeyToKey-- KeyCode::O, ModifierFlag::FN, KeyCode::Q, ModifierFlag::FN</autogen>
    <autogen>--KeyToKey-- KeyCode::P, ModifierFlag::FN, KeyCode::SEMICOLON, ModifierFlag::FN</autogen>
    <autogen>--KeyToKey-- KeyCode::A, ModifierFlag::FN, KeyCode::S, ModifierFlag::FN</autogen>
    <autogen>--KeyToKey-- KeyCode::S, ModifierFlag::FN, KeyCode::N, ModifierFlag::FN</autogen>
    <autogen>--KeyToKey-- KeyCode::D, ModifierFlag::FN, KeyCode::T, ModifierFlag::FN</autogen>
    <autogen>--KeyToKey-- KeyCode::F, ModifierFlag::FN, KeyCode::H, ModifierFlag::FN</autogen>
    <autogen>--KeyToKey-- KeyCode::G, ModifierFlag::FN, KeyCode::D, ModifierFlag::FN</autogen>
    <autogen>--KeyToKey-- KeyCode::H, ModifierFlag::FN, KeyCode::I, ModifierFlag::FN</autogen>
    <autogen>--KeyToKey-- KeyCode::J, ModifierFlag::FN, KeyCode::U, ModifierFlag::FN</autogen>
    <autogen>--KeyToKey-- KeyCode::K, ModifierFlag::FN, KeyCode::E, ModifierFlag::FN</autogen>
    <autogen>--KeyToKey-- KeyCode::L, ModifierFlag::FN, KeyCode::O, ModifierFlag::FN</autogen>
    <autogen>--KeyToKey-- KeyCode::SEMICOLON, ModifierFlag::FN, KeyCode::A, ModifierFlag::FN</autogen>
    <autogen>--KeyToKey-- KeyCode::Z, ModifierFlag::FN, KeyCode::L, ModifierFlag::FN</autogen>
    <autogen>--KeyToKey-- KeyCode::X, ModifierFlag::FN, KeyCode::R, ModifierFlag::FN</autogen>
    <autogen>--KeyToKey-- KeyCode::C, ModifierFlag::FN, KeyCode::C, ModifierFlag::FN</autogen>
    <autogen>--KeyToKey-- KeyCode::V, ModifierFlag::FN, KeyCode::G, ModifierFlag::FN</autogen>
    <autogen>--KeyToKey-- KeyCode::B, ModifierFlag::FN, KeyCode::F, ModifierFlag::FN</autogen>
    <autogen>--KeyToKey-- KeyCode::N, ModifierFlag::FN, KeyCode::Y, ModifierFlag::FN</autogen>
    <autogen>--KeyToKey-- KeyCode::M, ModifierFlag::FN, KeyCode::P, ModifierFlag::FN</autogen>
    <autogen>--KeyToKey-- KeyCode::COMMA, ModifierFlag::FN, KeyCode::DOT, ModifierFlag::FN</autogen>
    <autogen>--KeyToKey-- KeyCode::DOT, ModifierFlag::FN, KeyCode::COMMA, ModifierFlag::FN</autogen>
    <autogen>--KeyToKey-- KeyCode::SLASH, ModifierFlag::FN, KeyCode::QUOTE, ModifierFlag::FN</autogen>
    <autogen>--KeyToKey-- KeyCode::SPACE, ModifierFlag::FN, KeyCode::TAB, ModifierFlag::FN</autogen>
    <autogen>--KeyToKey-- KeyCode::CURSOR_LEFT, ModifierFlag::FN, KeyCode::ESCAPE, ModifierFlag::FN</autogen>
    <autogen>--KeyOverlaidModifier-- KeyCode::KEY_5, KeyCode::VK_MODIFIER_EXTRA1, KeyCode::DELETE</autogen>
    <autogen>--KeyToKey-- KeyCode::F4, ModifierFlag::EXTRA1, KeyCode::CONTROL_R</autogen>
    <autogen>--KeyToKey-- KeyCode::F5, ModifierFlag::EXTRA1, KeyCode::SHIFT_R</autogen>
    <autogen>--KeyToKey-- KeyCode::F6, ModifierFlag::EXTRA1, KeyCode::SPACE</autogen>
    <autogen>--KeyToKey-- KeyCode::F7, ModifierFlag::EXTRA1, KeyCode::SHIFT_L</autogen>
    <autogen>--KeyToKey-- KeyCode::F8, ModifierFlag::EXTRA1, KeyCode::CONTROL_L</autogen>
    <autogen>--KeyToKey-- KeyCode::Q, ModifierFlag::EXTRA1, KeyCode::VK_JIS_YEN</autogen>
    <autogen>--KeyToKey-- KeyCode::W, ModifierFlag::EXTRA1, KeyCode::KEYPAD_EQUAL</autogen>
    <autogen>--KeyToKey-- KeyCode::E, ModifierFlag::EXTRA1, KeyCode::KEYPAD_PLUS</autogen>
    <autogen>--KeyToKey-- KeyCode::R, ModifierFlag::EXTRA1, KeyCode::KEYPAD_MULTIPLY</autogen>
    <autogen>--KeyToKey-- KeyCode::T, ModifierFlag::EXTRA1, KeyCode::BACKQUOTE, VK_SHIFT</autogen>
    <autogen>--KeyToKey-- KeyCode::Y, ModifierFlag::EXTRA1, KeyCode::BACKQUOTE</autogen>
    <autogen>--KeyToKey-- KeyCode::U, ModifierFlag::EXTRA1, KeyCode::KEY_1, VK_SHIFT</autogen>
    <autogen>--KeyToKey-- KeyCode::I, ModifierFlag::EXTRA1, KeyCode::KEY_6, VK_SHIFT</autogen>
    <autogen>--KeyToKey-- KeyCode::O, ModifierFlag::EXTRA1, KeyCode::SLASH</autogen>
    <autogen>--KeyToKey-- KeyCode::P, ModifierFlag::EXTRA1, KeyCode::SLASH, VK_SHIFT</autogen>
    <autogen>--KeyToKey-- KeyCode::A, ModifierFlag::EXTRA1, KeyCode::DOT, VK_SHIFT</autogen>
    <autogen>--KeyToKey-- KeyCode::S, ModifierFlag::EXTRA1, KeyCode::COMMA, VK_SHIFT</autogen>
    <autogen>--KeyToKey-- KeyCode::D, ModifierFlag::EXTRA1, KeyCode::BRACKET_RIGHT</autogen>
    <autogen>--KeyToKey-- KeyCode::F, ModifierFlag::EXTRA1, KeyCode::BRACKET_LEFT</autogen>
    <autogen>--KeyToKey-- KeyCode::G, ModifierFlag::EXTRA1, KeyCode::MINUS, VK_SHIFT</autogen>
    <autogen>--KeyToKey-- KeyCode::H, ModifierFlag::EXTRA1, KeyCode::MINUS</autogen>
    <autogen>--KeyToKey-- KeyCode::J, ModifierFlag::EXTRA1, KeyCode::BRACKET_RIGHT, VK_SHIFT</autogen>
    <autogen>--KeyToKey-- KeyCode::K, ModifierFlag::EXTRA1, KeyCode::BRACKET_LEFT, VK_SHIFT</autogen>
    <autogen>--KeyToKey-- KeyCode::L, ModifierFlag::EXTRA1, KeyCode::KEY_0, VK_SHIFT</autogen>
    <autogen>--KeyToKey-- KeyCode::SEMICOLON, ModifierFlag::EXTRA1, KeyCode::KEY_9, VK_SHIFT</autogen>
    <autogen>--KeyToKey-- KeyCode::Z, ModifierFlag::EXTRA1, KeyCode::DELETE</autogen>
    <autogen>--KeyToKey-- KeyCode::X, ModifierFlag::EXTRA1, KeyCode::RETURN</autogen>
    <autogen>--KeyToKey-- KeyCode::C, ModifierFlag::EXTRA1, KeyCode::BACKSLASH, VK_SHIFT</autogen>
    <autogen>--KeyToKey-- KeyCode::V, ModifierFlag::EXTRA1, KeyCode::KEY_7, VK_SHIFT</autogen>
    <autogen>--KeyToKey-- KeyCode::B, ModifierFlag::EXTRA1, KeyCode::F12</autogen>
    <autogen>--KeyToKey-- KeyCode::N, ModifierFlag::EXTRA1, KeyCode::F11</autogen>
    <autogen>--KeyToKey-- KeyCode::M, ModifierFlag::EXTRA1, KeyCode::KEY_5, VK_SHIFT</autogen>
    <autogen>--KeyToKey-- KeyCode::COMMA, ModifierFlag::EXTRA1, KeyCode::KEY_4, VK_SHIFT</autogen>
    <autogen>--KeyToKey-- KeyCode::DOT, ModifierFlag::EXTRA1, KeyCode::KEY_3, VK_SHIFT</autogen>
    <autogen>--KeyToKey-- KeyCode::SLASH, ModifierFlag::EXTRA1, KeyCode::KEY_2, VK_SHIFT</autogen>
    <autogen>--KeyToKey-- KeyCode::CURSOR_LEFT, ModifierFlag::EXTRA1, KeyCode::ESCAPE</autogen>
    <autogen>--KeyOverlaidModifier-- KeyCode::KEY_7, KeyCode::VK_MODIFIER_EXTRA2, KeyCode::RETURN</autogen>
    <autogen>--KeyToKey-- KeyCode::F4, ModifierFlag::EXTRA2, KeyCode::CONTROL_R</autogen>
    <autogen>--KeyToKey-- KeyCode::F5, ModifierFlag::EXTRA2, KeyCode::SHIFT_R</autogen>
    <autogen>--KeyToKey-- KeyCode::F6, ModifierFlag::EXTRA2, KeyCode::SPACE</autogen>
    <autogen>--KeyToKey-- KeyCode::F7, ModifierFlag::EXTRA2, KeyCode::SHIFT_L</autogen>
    <autogen>--KeyToKey-- KeyCode::F8, ModifierFlag::EXTRA2, KeyCode::CONTROL_L</autogen>
    <autogen>--KeyToKey-- KeyCode::Q, ModifierFlag::EXTRA2, KeyCode::F10</autogen>
    <autogen>--KeyToKey-- KeyCode::W, ModifierFlag::EXTRA2, KeyCode::F9</autogen>
    <autogen>--KeyToKey-- KeyCode::E, ModifierFlag::EXTRA2, KeyCode::F8</autogen>
    <autogen>--KeyToKey-- KeyCode::R, ModifierFlag::EXTRA2, KeyCode::F7</autogen>
    <autogen>--KeyToKey-- KeyCode::T, ModifierFlag::EXTRA2, KeyCode::F6</autogen>
    <autogen>--KeyToKey-- KeyCode::Y, ModifierFlag::EXTRA2, KeyCode::F5</autogen>
    <autogen>--KeyToKey-- KeyCode::U, ModifierFlag::EXTRA2, KeyCode::F4</autogen>
    <autogen>--KeyToKey-- KeyCode::I, ModifierFlag::EXTRA2, KeyCode::F3</autogen>
    <autogen>--KeyToKey-- KeyCode::O, ModifierFlag::EXTRA2, KeyCode::F2</autogen>
    <autogen>--KeyToKey-- KeyCode::P, ModifierFlag::EXTRA2, KeyCode::F1</autogen>
    <autogen>--KeyToKey-- KeyCode::A, ModifierFlag::EXTRA2, KeyCode::KEY_0</autogen>
    <autogen>--KeyToKey-- KeyCode::S, ModifierFlag::EXTRA2, KeyCode::KEY_9</autogen>
    <autogen>--KeyToKey-- KeyCode::D, ModifierFlag::EXTRA2, KeyCode::KEY_8</autogen>
    <autogen>--KeyToKey-- KeyCode::F, ModifierFlag::EXTRA2, KeyCode::KEY_7</autogen>
    <autogen>--KeyToKey-- KeyCode::G, ModifierFlag::EXTRA2, KeyCode::KEY_6</autogen>
    <autogen>--KeyToKey-- KeyCode::H, ModifierFlag::EXTRA2, KeyCode::KEY_5</autogen>
    <autogen>--KeyToKey-- KeyCode::J, ModifierFlag::EXTRA2, KeyCode::KEY_4</autogen>
    <autogen>--KeyToKey-- KeyCode::K, ModifierFlag::EXTRA2, KeyCode::KEY_3</autogen>
    <autogen>--KeyToKey-- KeyCode::L, ModifierFlag::EXTRA2, KeyCode::KEY_2</autogen>
    <autogen>--KeyToKey-- KeyCode::SEMICOLON, ModifierFlag::EXTRA2, KeyCode::KEY_1</autogen>
    <autogen>--KeyToKey-- KeyCode::Z, ModifierFlag::EXTRA2, KeyCode::PAGEDOWN</autogen>
    <autogen>--KeyToKey-- KeyCode::X, ModifierFlag::EXTRA2, KeyCode::PAGEUP</autogen>
    <autogen>--KeyToKey-- KeyCode::C, ModifierFlag::EXTRA2, KeyCode::END</autogen>
    <autogen>--KeyToKey-- KeyCode::V, ModifierFlag::EXTRA2, KeyCode::HOME</autogen>
    <autogen>--KeyToKey-- KeyCode::M, ModifierFlag::EXTRA2, KeyCode::CURSOR_UP</autogen>
    <autogen>--KeyToKey-- KeyCode::COMMA, ModifierFlag::EXTRA2, KeyCode::CURSOR_DOWN</autogen>
    <autogen>--KeyToKey-- KeyCode::DOT, ModifierFlag::EXTRA2, KeyCode::CURSOR_RIGHT</autogen>
    <autogen>--KeyToKey-- KeyCode::SLASH, ModifierFlag::EXTRA2, KeyCode::CURSOR_LEFT</autogen>
    <autogen>--KeyOverlaidModifier-- KeyCode::KEY_8, KeyCode::VK_MODIFIER_EXTRA3, KeyCode::SPACE</autogen>
    <autogen>--KeyToKey-- KeyCode::F4, ModifierFlag::EXTRA3, KeyCode::CONTROL_R</autogen>
    <autogen>--KeyToKey-- KeyCode::F5, ModifierFlag::EXTRA3, KeyCode::SHIFT_R</autogen>
    <autogen>--KeyToKey-- KeyCode::F6, ModifierFlag::EXTRA3, KeyCode::SPACE</autogen>
    <autogen>--KeyToKey-- KeyCode::F7, ModifierFlag::EXTRA3, KeyCode::SHIFT_L</autogen>
    <autogen>--KeyToKey-- KeyCode::F8, ModifierFlag::EXTRA3, KeyCode::CONTROL_L</autogen>
    <autogen>--KeyToKey-- KeyCode::Q, ModifierFlag::EXTRA3, KeyCode::SEMICOLON</autogen>
    <autogen>--KeyToKey-- KeyCode::W, ModifierFlag::EXTRA3, KeyCode::Q</autogen>
    <autogen>--KeyToKey-- KeyCode::E, ModifierFlag::EXTRA3, KeyCode::J</autogen>
    <autogen>--KeyToKey-- KeyCode::R, ModifierFlag::EXTRA3, KeyCode::K</autogen>
    <autogen>--KeyToKey-- KeyCode::T, ModifierFlag::EXTRA3, KeyCode::X</autogen>
    <autogen>--KeyToKey-- KeyCode::Y, ModifierFlag::EXTRA3, KeyCode::B</autogen>
    <autogen>--KeyToKey-- KeyCode::U, ModifierFlag::EXTRA3, KeyCode::M</autogen>
    <autogen>--KeyToKey-- KeyCode::I, ModifierFlag::EXTRA3, KeyCode::W</autogen>
    <autogen>--KeyToKey-- KeyCode::O, ModifierFlag::EXTRA3, KeyCode::V</autogen>
    <autogen>--KeyToKey-- KeyCode::P, ModifierFlag::EXTRA3, KeyCode::Z</autogen>
    <autogen>--KeyToKey-- KeyCode::A, ModifierFlag::EXTRA3, KeyCode::A</autogen>
    <autogen>--KeyToKey-- KeyCode::S, ModifierFlag::EXTRA3, KeyCode::O</autogen>
    <autogen>--KeyToKey-- KeyCode::D, ModifierFlag::EXTRA3, KeyCode::E</autogen>
    <autogen>--KeyToKey-- KeyCode::F, ModifierFlag::EXTRA3, KeyCode::U</autogen>
    <autogen>--KeyToKey-- KeyCode::G, ModifierFlag::EXTRA3, KeyCode::I</autogen>
    <autogen>--KeyToKey-- KeyCode::H, ModifierFlag::EXTRA3, KeyCode::D</autogen>
    <autogen>--KeyToKey-- KeyCode::J, ModifierFlag::EXTRA3, KeyCode::H</autogen>
    <autogen>--KeyToKey-- KeyCode::K, ModifierFlag::EXTRA3, KeyCode::T</autogen>
    <autogen>--KeyToKey-- KeyCode::L, ModifierFlag::EXTRA3, KeyCode::N</autogen>
    <autogen>--KeyToKey-- KeyCode::SEMICOLON, ModifierFlag::EXTRA3, KeyCode::S</autogen>
    <autogen>--KeyToKey-- KeyCode::Z, ModifierFlag::EXTRA3, KeyCode::QUOTE</autogen>
    <autogen>--KeyToKey-- KeyCode::X, ModifierFlag::EXTRA3, KeyCode::COMMA</autogen>
    <autogen>--KeyToKey-- KeyCode::C, ModifierFlag::EXTRA3, KeyCode::DOT</autogen>
    <autogen>--KeyToKey-- KeyCode::V, ModifierFlag::EXTRA3, KeyCode::P</autogen>
    <autogen>--KeyToKey-- KeyCode::B, ModifierFlag::EXTRA3, KeyCode::Y</autogen>
    <autogen>--KeyToKey-- KeyCode::N, ModifierFlag::EXTRA3, KeyCode::F</autogen>
    <autogen>--KeyToKey-- KeyCode::M, ModifierFlag::EXTRA3, KeyCode::G</autogen>
    <autogen>--KeyToKey-- KeyCode::COMMA, ModifierFlag::EXTRA3, KeyCode::C</autogen>
    <autogen>--KeyToKey-- KeyCode::DOT, ModifierFlag::EXTRA3, KeyCode::R</autogen>
    <autogen>--KeyToKey-- KeyCode::SLASH, ModifierFlag::EXTRA3, KeyCode::L</autogen>
    <autogen>--KeyOverlaidModifier-- KeyCode::BRACKET_LEFT, KeyCode::VK_MODIFIER_EXTRA4, KeyCode::DELETE</autogen>
    <autogen>--KeyToKey-- KeyCode::F4, ModifierFlag::EXTRA4, KeyCode::CONTROL_R</autogen>
    <autogen>--KeyToKey-- KeyCode::F5, ModifierFlag::EXTRA4, KeyCode::SHIFT_R</autogen>
    <autogen>--KeyToKey-- KeyCode::F6, ModifierFlag::EXTRA4, KeyCode::SPACE</autogen>
    <autogen>--KeyToKey-- KeyCode::F7, ModifierFlag::EXTRA4, KeyCode::SHIFT_L</autogen>
    <autogen>--KeyToKey-- KeyCode::F8, ModifierFlag::EXTRA4, KeyCode::CONTROL_L</autogen>
    <autogen>--KeyToKey-- KeyCode::KEY_1, ModifierFlag::EXTRA4, KeyCode::F4</autogen>
    <autogen>--KeyToKey-- KeyCode::KEY_2, ModifierFlag::EXTRA4, KeyCode::F5</autogen>
    <autogen>--KeyToKey-- KeyCode::KEY_3, ModifierFlag::EXTRA4, KeyCode::F6</autogen>
    <autogen>--KeyToKey-- KeyCode::KEY_4, ModifierFlag::EXTRA4, KeyCode::FORWARD_DELETE</autogen>
    <autogen>--KeyToKey-- KeyCode::KEY_6, ModifierFlag::EXTRA4, KeyCode::VK_JIS_TOGGLE_EISUU_KANA</autogen>
    <autogen>--KeyToKey-- KeyCode::KEY_8, ModifierFlag::EXTRA4, KeyCode::VK_MODIFIER_EXTRA3</autogen>
    <autogen>--KeyToKey-- KeyCode::KEY_0, ModifierFlag::EXTRA4, KeyCode::F7</autogen>
    <autogen>--KeyToKey-- KeyCode::MINUS, ModifierFlag::EXTRA4, KeyCode::F8</autogen>
    <autogen>--KeyToKey-- KeyCode::EQUAL, ModifierFlag::EXTRA4, KeyCode::F9</autogen>
    <autogen>--KeyToKey-- KeyCode::Q, ModifierFlag::EXTRA4, KeyCode::Z</autogen>
    <autogen>--KeyToKey-- KeyCode::W, ModifierFlag::EXTRA4, KeyCode::V</autogen>
    <autogen>--KeyToKey-- KeyCode::E, ModifierFlag::EXTRA4, KeyCode::W</autogen>
    <autogen>--KeyToKey-- KeyCode::R, ModifierFlag::EXTRA4, KeyCode::M</autogen>
    <autogen>--KeyToKey-- KeyCode::T, ModifierFlag::EXTRA4, KeyCode::B</autogen>
    <autogen>--KeyToKey-- KeyCode::Y, ModifierFlag::EXTRA4, KeyCode::X</autogen>
    <autogen>--KeyToKey-- KeyCode::U, ModifierFlag::EXTRA4, KeyCode::K</autogen>
    <autogen>--KeyToKey-- KeyCode::I, ModifierFlag::EXTRA4, KeyCode::J</autogen>
    <autogen>--KeyToKey-- KeyCode::O, ModifierFlag::EXTRA4, KeyCode::Q</autogen>
    <autogen>--KeyToKey-- KeyCode::P, ModifierFlag::EXTRA4, KeyCode::SEMICOLON</autogen>
    <autogen>--KeyToKey-- KeyCode::BRACKET_LEFT, ModifierFlag::EXTRA4, KeyCode::VK_MODIFIER_EXTRA4</autogen>
    <autogen>--KeyToKey-- KeyCode::A, ModifierFlag::EXTRA4, KeyCode::S</autogen>
    <autogen>--KeyToKey-- KeyCode::S, ModifierFlag::EXTRA4, KeyCode::N</autogen>
    <autogen>--KeyToKey-- KeyCode::D, ModifierFlag::EXTRA4, KeyCode::T</autogen>
    <autogen>--KeyToKey-- KeyCode::F, ModifierFlag::EXTRA4, KeyCode::H</autogen>
    <autogen>--KeyToKey-- KeyCode::G, ModifierFlag::EXTRA4, KeyCode::D</autogen>
    <autogen>--KeyToKey-- KeyCode::H, ModifierFlag::EXTRA4, KeyCode::I</autogen>
    <autogen>--KeyToKey-- KeyCode::J, ModifierFlag::EXTRA4, KeyCode::U</autogen>
    <autogen>--KeyToKey-- KeyCode::K, ModifierFlag::EXTRA4, KeyCode::E</autogen>
    <autogen>--KeyToKey-- KeyCode::L, ModifierFlag::EXTRA4, KeyCode::O</autogen>
    <autogen>--KeyToKey-- KeyCode::SEMICOLON, ModifierFlag::EXTRA4, KeyCode::A</autogen>
    <autogen>--KeyToKey-- KeyCode::QUOTE, ModifierFlag::EXTRA4, KeyCode::VK_MODIFIER_EXTRA5</autogen>
    <autogen>--KeyToKey-- KeyCode::Z, ModifierFlag::EXTRA4, KeyCode::L</autogen>
    <autogen>--KeyToKey-- KeyCode::X, ModifierFlag::EXTRA4, KeyCode::R</autogen>
    <autogen>--KeyToKey-- KeyCode::C, ModifierFlag::EXTRA4, KeyCode::C</autogen>
    <autogen>--KeyToKey-- KeyCode::V, ModifierFlag::EXTRA4, KeyCode::G</autogen>
    <autogen>--KeyToKey-- KeyCode::B, ModifierFlag::EXTRA4, KeyCode::F</autogen>
    <autogen>--KeyToKey-- KeyCode::N, ModifierFlag::EXTRA4, KeyCode::Y</autogen>
    <autogen>--KeyToKey-- KeyCode::M, ModifierFlag::EXTRA4, KeyCode::P</autogen>
    <autogen>--KeyToKey-- KeyCode::COMMA, ModifierFlag::EXTRA4, KeyCode::DOT</autogen>
    <autogen>--KeyToKey-- KeyCode::DOT, ModifierFlag::EXTRA4, KeyCode::COMMA</autogen>
    <autogen>--KeyToKey-- KeyCode::SLASH, ModifierFlag::EXTRA4, KeyCode::QUOTE</autogen>
    <autogen>--KeyToKey-- KeyCode::SPACE, ModifierFlag::EXTRA4, KeyCode::TAB</autogen>
    <autogen>--KeyToKey-- KeyCode::CURSOR_LEFT, ModifierFlag::EXTRA4, KeyCode::ESCAPE</autogen>
    <autogen>--KeyOverlaidModifier-- KeyCode::QUOTE, KeyCode::VK_MODIFIER_EXTRA5, KeyCode::DELETE</autogen>
    <autogen>--KeyToKey-- KeyCode::F4, ModifierFlag::EXTRA5, KeyCode::CONTROL_R</autogen>
    <autogen>--KeyToKey-- KeyCode::F5, ModifierFlag::EXTRA5, KeyCode::SHIFT_R</autogen>
    <autogen>--KeyToKey-- KeyCode::F6, ModifierFlag::EXTRA5, KeyCode::SPACE</autogen>
    <autogen>--KeyToKey-- KeyCode::F7, ModifierFlag::EXTRA5, KeyCode::SHIFT_L</autogen>
    <autogen>--KeyToKey-- KeyCode::F8, ModifierFlag::EXTRA5, KeyCode::CONTROL_L</autogen>
    <autogen>--KeyToKey-- KeyCode::Y, ModifierFlag::EXTRA5, KeyCode::KEY_0</autogen>
    <autogen>--KeyToKey-- KeyCode::U, ModifierFlag::EXTRA5, KeyCode::KEY_9</autogen>
    <autogen>--KeyToKey-- KeyCode::I, ModifierFlag::EXTRA5, KeyCode::KEY_8</autogen>
    <autogen>--KeyToKey-- KeyCode::O, ModifierFlag::EXTRA5, KeyCode::KEY_7</autogen>
    <autogen>--KeyToKey-- KeyCode::P, ModifierFlag::EXTRA5, KeyCode::KEY_6</autogen>
    <autogen>--KeyToKey-- KeyCode::J, ModifierFlag::EXTRA5, KeyCode::VK_JIS_TOGGLE_EISUU_KANA</autogen>
    <autogen>--KeyToKey-- KeyCode::SEMICOLON, ModifierFlag::EXTRA5, KeyCode::ESCAPE</autogen>
    <autogen>--KeyToKey-- KeyCode::B, ModifierFlag::EXTRA5, KeyCode::S, VK_COMMAND</autogen>
    <autogen>--KeyToKey-- KeyCode::N, ModifierFlag::EXTRA5, KeyCode::Z, VK_COMMAND, VK_SHIFT</autogen>
    <autogen>--KeyToKey-- KeyCode::M, ModifierFlag::EXTRA5, KeyCode::V, VK_COMMAND</autogen>
    <autogen>--KeyToKey-- KeyCode::COMMA, ModifierFlag::EXTRA5, KeyCode::C, VK_COMMAND</autogen>
    <autogen>--KeyToKey-- KeyCode::DOT, ModifierFlag::EXTRA5, KeyCode::X, VK_COMMAND</autogen>
    <autogen>--KeyToKey-- KeyCode::SLASH, ModifierFlag::EXTRA5, KeyCode::Z, VK_COMMAND</autogen>
  </item>

  <item>
    <name>HomeMoved.EXTRA_Keys_mouse</name>
    <identifier>remap.jis_HomeMoved_EXTRA_Keys_mouse</identifier>
    <autogen>--KeyToPointingButton-- KeyCode::W, VK_COMMAND, ModifierFlag::EXTRA5, PointingButton::LEFT</autogen>
    <autogen>--KeyToPointingButton-- KeyCode::E, VK_COMMAND, ModifierFlag::EXTRA5, PointingButton::RIGHT</autogen>
  </item>

  <item>
    <name>HomeMoved.DvorakJP</name>
    <identifier>remap.jis_HomeMoved_DvorakJP</identifier>
    <inputmodedetail_only>JAPANESE_HIRAGANA, JAPANESE, JAPANESE_KATAKANA, JAPANESE_FULLWIDTH_ROMAN</inputmodedetail_only>
    <autogen>--KeyToKey-- KeyCode::KEY_9, ModifierFlag::NONE, KeyCode::K, ModifierFlag::NONE</autogen>
    <autogen>--KeyToKey-- KeyCode::H, ModifierFlag::NONE, KeyCode::Y, ModifierFlag::NONE, KeyCode::I, ModifierFlag::NONE</autogen>
    <autogen>--KeyToKey-- KeyCode::G, ModifierFlag::NONE, KeyCode::Y, ModifierFlag::NONE, KeyCode::U, ModifierFlag::NONE</autogen>
    <autogen>--KeyToKey-- KeyCode::F, ModifierFlag::NONE, KeyCode::Y, ModifierFlag::NONE, KeyCode::E, ModifierFlag::NONE</autogen>
    <autogen>--KeyToKey-- KeyCode::D, ModifierFlag::NONE, KeyCode::Y, ModifierFlag::NONE, KeyCode::O, ModifierFlag::NONE</autogen>
    <autogen>--KeyToKey-- KeyCode::S, ModifierFlag::NONE, KeyCode::Y, ModifierFlag::NONE, KeyCode::A, ModifierFlag::NONE</autogen>
    <!-- for left-hand mode -->
    <autogen>--KeyToKey-- KeyCode::KEY_4, ModifierFlag::EXTRA3, KeyCode::K, ModifierFlag::NONE</autogen>
  </item>

  <item>
    <name>HomeMoved.Remap.Dvorak</name>
    <identifier>remap.jis_HomeMoved_Remap_Dvorak</identifier>
    <autogen>--KeyToKey-- KeyCode::F1, ModifierFlag::NONE, KeyCode::ESCAPE, VK_SHIFT</autogen>
    <autogen>--KeyToKey-- KeyCode::F2, ModifierFlag::NONE, KeyCode::ESCAPE, ModifierFlag::NONE</autogen>
    <autogen>--KeyToKey-- KeyCode::F3, ModifierFlag::NONE, KeyCode::COMMAND_L, ModifierFlag::NONE</autogen>
    <autogen>--KeyToKey-- KeyCode::F4, ModifierFlag::NONE, KeyCode::DELETE, ModifierFlag::NONE</autogen>
    <autogen>--KeyToKey-- KeyCode::F5, ModifierFlag::NONE, KeyCode::FORWARD_DELETE, ModifierFlag::NONE</autogen>
    <autogen>--KeyToKey-- KeyCode::F8, ModifierFlag::NONE, KeyCode::TAB, ModifierFlag::NONE</autogen>
    <autogen>--KeyToKey-- KeyCode::F9, ModifierFlag::NONE, KeyCode::TAB, VK_SHIFT</autogen>
    <autogen>--KeyToKey-- KeyCode::F10, ModifierFlag::NONE, KeyCode::TAB, VK_COMMAND</autogen>
    <autogen>--KeyToKey-- KeyCode::F11, ModifierFlag::NONE, KeyCode::TAB, VK_COMMAND|VK_SHIFT</autogen>
    <autogen>--KeyToKey-- KeyCode::F12, ModifierFlag::NONE, KeyCode::CONTROL_R, ModifierFlag::NONE</autogen>
    <autogen>--KeyToKey-- KeyCode::KEY_1, ModifierFlag::NONE, KeyCode::VK_MODIFIER_EXTRA5, ModifierFlag::NONE</autogen>
    <autogen>--KeyToKey-- KeyCode::KEY_2, ModifierFlag::NONE, KeyCode::KEY_7, VK_SHIFT</autogen>
    <autogen>--KeyToKey-- KeyCode::KEY_3, ModifierFlag::NONE, KeyCode::COMMA, ModifierFlag::NONE</autogen>
    <autogen>--KeyToKey-- KeyCode::KEY_4, ModifierFlag::NONE, KeyCode::DOT, ModifierFlag::NONE</autogen>
    <autogen>--KeyToKey-- KeyCode::KEY_5, ModifierFlag::NONE, KeyCode::P, ModifierFlag::NONE</autogen>
    <autogen>--KeyToKey-- KeyCode::KEY_6, ModifierFlag::NONE, KeyCode::Y, ModifierFlag::NONE</autogen>
    <autogen>--KeyToKey-- KeyCode::KEY_7, ModifierFlag::NONE, KeyCode::F, ModifierFlag::NONE</autogen>
    <autogen>--KeyToKey-- KeyCode::KEY_8, ModifierFlag::NONE, KeyCode::G, ModifierFlag::NONE</autogen>
    <autogen>--KeyToKey-- KeyCode::KEY_9, ModifierFlag::NONE, KeyCode::C, ModifierFlag::NONE</autogen>
    <autogen>--KeyToKey-- KeyCode::KEY_0, ModifierFlag::NONE, KeyCode::R, ModifierFlag::NONE</autogen>
    <autogen>--KeyToKey-- KeyCode::MINUS, ModifierFlag::NONE, KeyCode::L, ModifierFlag::NONE</autogen>
    <autogen>--KeyToKey-- KeyCode::JIS_HAT, ModifierFlag::NONE, KeyCode::SLASH, ModifierFlag::NONE</autogen>
    <autogen>--KeyToKey-- KeyCode::JIS_YEN, ModifierFlag::NONE, KeyCode::COMMAND_R, ModifierFlag::NONE</autogen>
    <autogen>--KeyToKey-- KeyCode::TAB, KeyCode::SHIFT_L</autogen>
    <autogen>--KeyToKey-- KeyCode::Q, ModifierFlag::NONE, KeyCode::VK_MODIFIER_EXTRA4, ModifierFlag::NONE</autogen>
    <autogen>--KeyToKey-- KeyCode::W, ModifierFlag::NONE, KeyCode::A, ModifierFlag::NONE</autogen>
    <autogen>--KeyToKey-- KeyCode::E, ModifierFlag::NONE, KeyCode::O, ModifierFlag::NONE</autogen>
    <autogen>--KeyToKey-- KeyCode::R, ModifierFlag::NONE, KeyCode::E, ModifierFlag::NONE</autogen>
    <autogen>--KeyToKey-- KeyCode::T, ModifierFlag::NONE, KeyCode::U, ModifierFlag::NONE</autogen>
    <autogen>--KeyToKey-- KeyCode::Y, ModifierFlag::NONE, KeyCode::I, ModifierFlag::NONE</autogen>
    <autogen>--KeyToKey-- KeyCode::U, ModifierFlag::NONE, KeyCode::D, ModifierFlag::NONE</autogen>
    <autogen>--KeyToKey-- KeyCode::I, ModifierFlag::NONE, KeyCode::H, ModifierFlag::NONE</autogen>
    <autogen>--KeyToKey-- KeyCode::O, ModifierFlag::NONE, KeyCode::T, ModifierFlag::NONE</autogen>
    <autogen>--KeyToKey-- KeyCode::P, ModifierFlag::NONE, KeyCode::N, ModifierFlag::NONE</autogen>
    <autogen>--KeyToKey-- KeyCode::JIS_ATMARK, ModifierFlag::NONE, KeyCode::S, ModifierFlag::NONE</autogen>
    <autogen>--KeyToKey-- KeyCode::JIS_BRACKET_LEFT, ModifierFlag::NONE, KeyCode::MINUS, ModifierFlag::NONE</autogen>
    <autogen>--KeyToKey-- KeyCode::A, ModifierFlag::NONE, KeyCode::CURSOR_LEFT, ModifierFlag::NONE</autogen>
    <autogen>--KeyToKey-- KeyCode::S, ModifierFlag::NONE, KeyCode::SEMICOLON, ModifierFlag::NONE</autogen>
    <autogen>--KeyToKey-- KeyCode::D, ModifierFlag::NONE, KeyCode::Q, ModifierFlag::NONE</autogen>
    <autogen>--KeyToKey-- KeyCode::F, ModifierFlag::NONE, KeyCode::J, ModifierFlag::NONE</autogen>
    <autogen>--KeyToKey-- KeyCode::G, ModifierFlag::NONE, KeyCode::K, ModifierFlag::NONE</autogen>
    <autogen>--KeyToKey-- KeyCode::H, ModifierFlag::NONE, KeyCode::X, ModifierFlag::NONE</autogen>
    <autogen>--KeyToKey-- KeyCode::J, ModifierFlag::NONE, KeyCode::B, ModifierFlag::NONE</autogen>
    <autogen>--KeyToKey-- KeyCode::K, ModifierFlag::NONE, KeyCode::M, ModifierFlag::NONE</autogen>
    <autogen>--KeyToKey-- KeyCode::L, ModifierFlag::NONE, KeyCode::W, ModifierFlag::NONE</autogen>
    <autogen>--KeyToKey-- KeyCode::SEMICOLON, ModifierFlag::NONE, KeyCode::V, ModifierFlag::NONE</autogen>
    <autogen>--KeyToKey-- KeyCode::JIS_COLON, ModifierFlag::NONE, KeyCode::Z, ModifierFlag::NONE</autogen>
    <autogen>--KeyToKey-- KeyCode::JIS_BRACKET_RIGHT, ModifierFlag::NONE, KeyCode::JIS_YEN, ModifierFlag::NONE</autogen>
    <autogen>--KeyToKey-- KeyCode::Z, KeyCode::COMMAND_L, VK_SHIFT</autogen>
    <autogen>--KeyToKey-- KeyCode::X, ModifierFlag::NONE, KeyCode::COMMAND_L, VK_CONTROL</autogen>
    <autogen>--KeyToKey-- KeyCode::C, ModifierFlag::NONE, KeyCode::COMMAND_L, ModifierFlag::NONE</autogen>
    <autogen>--KeyToKey-- KeyCode::N, ModifierFlag::NONE, KeyCode::VK_JIS_TOGGLE_EISUU_KANA, ModifierFlag::NONE</autogen>
    <autogen>--KeyToKey-- KeyCode::COMMA, ModifierFlag::NONE, KeyCode::FORWARD_DELETE, ModifierFlag::NONE</autogen>
    <autogen>--KeyToKey-- KeyCode::DOT, KeyCode::COMMAND_R</autogen>
    <autogen>--KeyToKey-- KeyCode::SLASH, KeyCode::COMMAND_R, VK_CONTROL</autogen>
    <autogen>--KeyToKey-- KeyCode::JIS_UNDERSCORE, KeyCode::COMMAND_L, VK_SHIFT</autogen>
    <autogen>--KeyToKey-- KeyCode::JIS_EISUU, ModifierFlag::NONE, KeyCode::OPTION_R, ModifierFlag::NONE</autogen>
    <autogen>--KeyToKey-- KeyCode::JIS_KANA, ModifierFlag::NONE, KeyCode::SHIFT_R, ModifierFlag::NONE</autogen>
    <autogen>--KeyToKey-- KeyCode::COMMAND_R, KeyCode::CONTROL_R</autogen>
    <autogen>--KeyToKey-- KeyCode::CURSOR_LEFT, ModifierFlag::NONE, KeyCode::ESCAPE, ModifierFlag::NONE</autogen>
    <!-- with shift -->
    <autogen>--KeyToKey-- KeyCode::F2, VK_SHIFT, KeyCode::ESCAPE, VK_SHIFT</autogen>
    <autogen>--KeyToKey-- KeyCode::F3, VK_SHIFT, KeyCode::OPTION_L, VK_SHIFT</autogen>
    <autogen>--KeyToKey-- KeyCode::F4, VK_SHIFT, KeyCode::COMMAND_L, VK_SHIFT</autogen>
    <autogen>--KeyToKey-- KeyCode::F5, VK_SHIFT, KeyCode::DELETE, VK_SHIFT</autogen>
    <autogen>--KeyToKey-- KeyCode::F6, VK_SHIFT, KeyCode::FORWARD_DELETE, VK_SHIFT</autogen>
    <autogen>--KeyToKey-- KeyCode::F8, VK_SHIFT, KeyCode::TAB, VK_SHIFT</autogen>
    <autogen>--KeyToKey-- KeyCode::F9, VK_SHIFT, KeyCode::TAB, VK_SHIFT</autogen>
    <autogen>--KeyToKey-- KeyCode::F10, VK_SHIFT, KeyCode::COMMAND_R, VK_SHIFT</autogen>
    <autogen>--KeyToKey-- KeyCode::F11, VK_SHIFT, KeyCode::OPTION_R, VK_SHIFT</autogen>
    <autogen>--KeyToKey-- KeyCode::F12, VK_SHIFT, KeyCode::CONTROL_R, VK_SHIFT</autogen>
    <autogen>--KeyToKey-- KeyCode::KEY_1, VK_SHIFT, KeyCode::VK_MODIFIER_EXTRA5, VK_SHIFT</autogen>
    <autogen>--KeyToKey-- KeyCode::KEY_3, VK_SHIFT, KeyCode::COMMA, VK_SHIFT</autogen>
    <autogen>--KeyToKey-- KeyCode::KEY_4, VK_SHIFT, KeyCode::DOT, VK_SHIFT</autogen>
    <autogen>--KeyToKey-- KeyCode::KEY_5, VK_SHIFT, KeyCode::P, VK_SHIFT</autogen>
    <autogen>--KeyToKey-- KeyCode::KEY_6, VK_SHIFT, KeyCode::Y, VK_SHIFT</autogen>
    <autogen>--KeyToKey-- KeyCode::KEY_7, VK_SHIFT, KeyCode::F, VK_SHIFT</autogen>
    <autogen>--KeyToKey-- KeyCode::KEY_8, VK_SHIFT, KeyCode::G, VK_SHIFT</autogen>
    <autogen>--KeyToKey-- KeyCode::KEY_9, VK_SHIFT, KeyCode::C, VK_SHIFT</autogen>
    <autogen>--KeyToKey-- KeyCode::KEY_0, VK_SHIFT, KeyCode::R, VK_SHIFT</autogen>
    <autogen>--KeyToKey-- KeyCode::MINUS, VK_SHIFT, KeyCode::L, VK_SHIFT</autogen>
    <autogen>--KeyToKey-- KeyCode::JIS_HAT, VK_SHIFT, KeyCode::SLASH, VK_SHIFT</autogen>
    <autogen>--KeyToKey-- KeyCode::Q, VK_SHIFT, KeyCode::VK_MODIFIER_EXTRA4, VK_SHIFT</autogen>
    <autogen>--KeyToKey-- KeyCode::W, VK_SHIFT, KeyCode::A, VK_SHIFT</autogen>
    <autogen>--KeyToKey-- KeyCode::E, VK_SHIFT, KeyCode::O, VK_SHIFT</autogen>
    <autogen>--KeyToKey-- KeyCode::R, VK_SHIFT, KeyCode::E, VK_SHIFT</autogen>
    <autogen>--KeyToKey-- KeyCode::T, VK_SHIFT, KeyCode::U, VK_SHIFT</autogen>
    <autogen>--KeyToKey-- KeyCode::Y, VK_SHIFT, KeyCode::I, VK_SHIFT</autogen>
    <autogen>--KeyToKey-- KeyCode::U, VK_SHIFT, KeyCode::D, VK_SHIFT</autogen>
    <autogen>--KeyToKey-- KeyCode::I, VK_SHIFT, KeyCode::H, VK_SHIFT</autogen>
    <autogen>--KeyToKey-- KeyCode::O, VK_SHIFT, KeyCode::T, VK_SHIFT</autogen>
    <autogen>--KeyToKey-- KeyCode::P, VK_SHIFT, KeyCode::N, VK_SHIFT</autogen>
    <autogen>--KeyToKey-- KeyCode::JIS_ATMARK, VK_SHIFT, KeyCode::S, VK_SHIFT</autogen>
    <autogen>--KeyToKey-- KeyCode::JIS_BRACKET_LEFT, VK_SHIFT, KeyCode::JIS_UNDERSCORE</autogen>
    <autogen>--KeyToKey-- KeyCode::S, VK_SHIFT, KeyCode::JIS_COLON</autogen>
    <autogen>--KeyToKey-- KeyCode::D, VK_SHIFT, KeyCode::Q, VK_SHIFT</autogen>
    <autogen>--KeyToKey-- KeyCode::F, VK_SHIFT, KeyCode::J, VK_SHIFT</autogen>
    <autogen>--KeyToKey-- KeyCode::G, VK_SHIFT, KeyCode::K, VK_SHIFT</autogen>
    <autogen>--KeyToKey-- KeyCode::H, VK_SHIFT, KeyCode::X, VK_SHIFT</autogen>
    <autogen>--KeyToKey-- KeyCode::J, VK_SHIFT, KeyCode::B, VK_SHIFT</autogen>
    <autogen>--KeyToKey-- KeyCode::K, VK_SHIFT, KeyCode::M, VK_SHIFT</autogen>
    <autogen>--KeyToKey-- KeyCode::L, VK_SHIFT, KeyCode::W, VK_SHIFT</autogen>
    <autogen>--KeyToKey-- KeyCode::SEMICOLON, VK_SHIFT, KeyCode::V, VK_SHIFT</autogen>
    <autogen>--KeyToKey-- KeyCode::JIS_COLON, VK_SHIFT, KeyCode::Z, VK_SHIFT</autogen>
    <autogen>--KeyToKey-- KeyCode::JIS_BRACKET_RIGHT, VK_SHIFT, KeyCode::JIS_YEN, VK_SHIFT</autogen>
    <autogen>--KeyToKey-- KeyCode::N, VK_SHIFT, KeyCode::VK_JIS_TOGGLE_EISUU_KANA, VK_SHIFT</autogen>
    <autogen>--KeyToKey-- KeyCode::COMMA, VK_SHIFT, KeyCode::FORWARD_DELETE, VK_SHIFT</autogen>
    <autogen>--KeyToKey-- KeyCode::JIS_EISUU, VK_SHIFT, KeyCode::OPTION_R, VK_SHIFT</autogen>
    <autogen>--KeyToKey-- KeyCode::JIS_KANA, VK_SHIFT, KeyCode::SHIFT_R, VK_SHIFT</autogen>
    <autogen>--KeyToKey-- KeyCode::CURSOR_LEFT, VK_SHIFT, KeyCode::ESCAPE, VK_SHIFT</autogen>
    <!-- with control -->
    <autogen>--KeyToKey-- KeyCode::F2, VK_CONTROL, KeyCode::ESCAPE, VK_CONTROL</autogen>
    <autogen>--KeyToKey-- KeyCode::F3, VK_CONTROL, KeyCode::OPTION_L, VK_CONTROL</autogen>
    <autogen>--KeyToKey-- KeyCode::F4, VK_CONTROL, KeyCode::COMMAND_L, VK_CONTROL</autogen>
    <autogen>--KeyToKey-- KeyCode::F5, VK_CONTROL, KeyCode::DELETE, VK_CONTROL</autogen>
    <autogen>--KeyToKey-- KeyCode::F6, VK_CONTROL, KeyCode::FORWARD_DELETE, VK_CONTROL</autogen>
    <autogen>--KeyToKey-- KeyCode::F8, VK_CONTROL, KeyCode::TAB, VK_CONTROL</autogen>
    <autogen>--KeyToKey-- KeyCode::F9, VK_CONTROL, KeyCode::TAB, VK_CONTROL</autogen>
    <autogen>--KeyToKey-- KeyCode::F10, VK_CONTROL, KeyCode::COMMAND_R, VK_CONTROL</autogen>
    <autogen>--KeyToKey-- KeyCode::F11, VK_CONTROL, KeyCode::OPTION_R, VK_CONTROL</autogen>
    <autogen>--KeyToKey-- KeyCode::F12, VK_CONTROL, KeyCode::CONTROL_R, VK_CONTROL</autogen>
    <autogen>--KeyToKey-- KeyCode::KEY_1, VK_CONTROL, KeyCode::VK_MODIFIER_EXTRA5, VK_CONTROL</autogen>
    <autogen>--KeyToKey-- KeyCode::KEY_2, VK_CONTROL, KeyCode::KEY_7, VK_CONTROL | VK_SHIFT</autogen>
    <autogen>--KeyToKey-- KeyCode::KEY_3, VK_CONTROL, KeyCode::COMMA, VK_CONTROL</autogen>
    <autogen>--KeyToKey-- KeyCode::KEY_4, VK_CONTROL, KeyCode::DOT, VK_CONTROL</autogen>
    <autogen>--KeyToKey-- KeyCode::KEY_5, VK_CONTROL, KeyCode::P, VK_CONTROL</autogen>
    <autogen>--KeyToKey-- KeyCode::KEY_6, VK_CONTROL, KeyCode::Y, VK_CONTROL</autogen>
    <autogen>--KeyToKey-- KeyCode::KEY_7, VK_CONTROL, KeyCode::F, VK_CONTROL</autogen>
    <autogen>--KeyToKey-- KeyCode::KEY_8, VK_CONTROL, KeyCode::G, VK_CONTROL</autogen>
    <autogen>--KeyToKey-- KeyCode::KEY_9, VK_CONTROL, KeyCode::C, VK_CONTROL</autogen>
    <autogen>--KeyToKey-- KeyCode::KEY_0, VK_CONTROL, KeyCode::R, VK_CONTROL</autogen>
    <autogen>--KeyToKey-- KeyCode::MINUS, VK_CONTROL, KeyCode::L, VK_CONTROL</autogen>
    <autogen>--KeyToKey-- KeyCode::JIS_HAT, VK_CONTROL, KeyCode::SLASH, VK_CONTROL</autogen>
    <autogen>--KeyToKey-- KeyCode::Q, VK_CONTROL, KeyCode::VK_MODIFIER_EXTRA4, VK_CONTROL</autogen>
    <autogen>--KeyToKey-- KeyCode::W, VK_CONTROL, KeyCode::A, VK_CONTROL</autogen>
    <autogen>--KeyToKey-- KeyCode::E, VK_CONTROL, KeyCode::O, VK_CONTROL</autogen>
    <autogen>--KeyToKey-- KeyCode::R, VK_CONTROL, KeyCode::E, VK_CONTROL</autogen>
    <autogen>--KeyToKey-- KeyCode::T, VK_CONTROL, KeyCode::U, VK_CONTROL</autogen>
    <autogen>--KeyToKey-- KeyCode::Y, VK_CONTROL, KeyCode::I, VK_CONTROL</autogen>
    <autogen>--KeyToKey-- KeyCode::U, VK_CONTROL, KeyCode::D, VK_CONTROL</autogen>
    <autogen>--KeyToKey-- KeyCode::I, VK_CONTROL, KeyCode::H, VK_CONTROL</autogen>
    <autogen>--KeyToKey-- KeyCode::O, VK_CONTROL, KeyCode::T, VK_CONTROL</autogen>
    <autogen>--KeyToKey-- KeyCode::P, VK_CONTROL, KeyCode::N, VK_CONTROL</autogen>
    <autogen>--KeyToKey-- KeyCode::JIS_ATMARK, VK_CONTROL, KeyCode::S, VK_CONTROL</autogen>
    <autogen>--KeyToKey-- KeyCode::JIS_BRACKET_LEFT, VK_CONTROL, KeyCode::MINUS, VK_CONTROL</autogen>
    <autogen>--KeyToKey-- KeyCode::S, VK_CONTROL, KeyCode::SEMICOLON, VK_CONTROL</autogen>
    <autogen>--KeyToKey-- KeyCode::D, VK_CONTROL, KeyCode::Q, VK_CONTROL</autogen>
    <autogen>--KeyToKey-- KeyCode::F, VK_CONTROL, KeyCode::J, VK_CONTROL</autogen>
    <autogen>--KeyToKey-- KeyCode::G, VK_CONTROL, KeyCode::K, VK_CONTROL</autogen>
    <autogen>--KeyToKey-- KeyCode::H, VK_CONTROL, KeyCode::X, VK_CONTROL</autogen>
    <autogen>--KeyToKey-- KeyCode::J, VK_CONTROL, KeyCode::B, VK_CONTROL</autogen>
    <autogen>--KeyToKey-- KeyCode::K, VK_CONTROL, KeyCode::M, VK_CONTROL</autogen>
    <autogen>--KeyToKey-- KeyCode::L, VK_CONTROL, KeyCode::W, VK_CONTROL</autogen>
    <autogen>--KeyToKey-- KeyCode::SEMICOLON, VK_CONTROL, KeyCode::V, VK_CONTROL</autogen>
    <autogen>--KeyToKey-- KeyCode::JIS_COLON, VK_CONTROL, KeyCode::Z, VK_CONTROL</autogen>
    <autogen>--KeyToKey-- KeyCode::JIS_BRACKET_RIGHT, VK_CONTROL, KeyCode::JIS_YEN, VK_CONTROL</autogen>
    <autogen>--KeyToKey-- KeyCode::N, VK_CONTROL, KeyCode::VK_JIS_TOGGLE_EISUU_KANA, VK_CONTROL</autogen>
    <autogen>--KeyToKey-- KeyCode::COMMA, VK_CONTROL, KeyCode::FORWARD_DELETE, VK_CONTROL</autogen>
    <autogen>--KeyToKey-- KeyCode::JIS_EISUU, VK_CONTROL, KeyCode::OPTION_R, VK_CONTROL</autogen>
    <autogen>--KeyToKey-- KeyCode::JIS_KANA, VK_CONTROL, KeyCode::SHIFT_R, VK_CONTROL</autogen>
    <autogen>--KeyToKey-- KeyCode::CURSOR_LEFT, VK_CONTROL, KeyCode::ESCAPE, VK_CONTROL</autogen>
    <!-- with option -->
    <autogen>--KeyToKey-- KeyCode::F2, VK_OPTION, KeyCode::ESCAPE, VK_OPTION</autogen>
    <autogen>--KeyToKey-- KeyCode::F3, VK_OPTION, KeyCode::OPTION_L, VK_OPTION</autogen>
    <autogen>--KeyToKey-- KeyCode::F4, VK_OPTION, KeyCode::COMMAND_L, VK_OPTION</autogen>
    <autogen>--KeyToKey-- KeyCode::F5, VK_OPTION, KeyCode::DELETE, VK_OPTION</autogen>
    <autogen>--KeyToKey-- KeyCode::F6, VK_OPTION, KeyCode::FORWARD_DELETE, VK_OPTION</autogen>
    <autogen>--KeyToKey-- KeyCode::F8, VK_OPTION, KeyCode::TAB, VK_OPTION</autogen>
    <autogen>--KeyToKey-- KeyCode::F9, VK_OPTION, KeyCode::TAB, VK_OPTION</autogen>
    <autogen>--KeyToKey-- KeyCode::F10, VK_OPTION, KeyCode::COMMAND_R, VK_OPTION</autogen>
    <autogen>--KeyToKey-- KeyCode::F11, VK_OPTION, KeyCode::OPTION_R, VK_OPTION</autogen>
    <autogen>--KeyToKey-- KeyCode::F12, VK_OPTION, KeyCode::CONTROL_R, VK_OPTION</autogen>
    <autogen>--KeyToKey-- KeyCode::KEY_1, VK_OPTION, KeyCode::VK_MODIFIER_EXTRA5, VK_OPTION</autogen>
    <autogen>--KeyToKey-- KeyCode::KEY_2, VK_OPTION, KeyCode::KEY_7, VK_OPTION | VK_SHIFT</autogen>
    <autogen>--KeyToKey-- KeyCode::KEY_3, VK_OPTION, KeyCode::COMMA, VK_OPTION</autogen>
    <autogen>--KeyToKey-- KeyCode::KEY_4, VK_OPTION, KeyCode::DOT, VK_OPTION</autogen>
    <autogen>--KeyToKey-- KeyCode::KEY_5, VK_OPTION, KeyCode::P, VK_OPTION</autogen>
    <autogen>--KeyToKey-- KeyCode::KEY_6, VK_OPTION, KeyCode::Y, VK_OPTION</autogen>
    <autogen>--KeyToKey-- KeyCode::KEY_7, VK_OPTION, KeyCode::F, VK_OPTION</autogen>
    <autogen>--KeyToKey-- KeyCode::KEY_8, VK_OPTION, KeyCode::G, VK_OPTION</autogen>
    <autogen>--KeyToKey-- KeyCode::KEY_9, VK_OPTION, KeyCode::C, VK_OPTION</autogen>
    <autogen>--KeyToKey-- KeyCode::KEY_0, VK_OPTION, KeyCode::R, VK_OPTION</autogen>
    <autogen>--KeyToKey-- KeyCode::MINUS, VK_OPTION, KeyCode::L, VK_OPTION</autogen>
    <autogen>--KeyToKey-- KeyCode::JIS_HAT, VK_OPTION, KeyCode::SLASH, VK_OPTION</autogen>
    <autogen>--KeyToKey-- KeyCode::Q, VK_OPTION, KeyCode::VK_MODIFIER_EXTRA4, VK_OPTION</autogen>
    <autogen>--KeyToKey-- KeyCode::W, VK_OPTION, KeyCode::A, VK_OPTION</autogen>
    <autogen>--KeyToKey-- KeyCode::E, VK_OPTION, KeyCode::O, VK_OPTION</autogen>
    <autogen>--KeyToKey-- KeyCode::R, VK_OPTION, KeyCode::E, VK_OPTION</autogen>
    <autogen>--KeyToKey-- KeyCode::T, VK_OPTION, KeyCode::U, VK_OPTION</autogen>
    <autogen>--KeyToKey-- KeyCode::Y, VK_OPTION, KeyCode::I, VK_OPTION</autogen>
    <autogen>--KeyToKey-- KeyCode::U, VK_OPTION, KeyCode::D, VK_OPTION</autogen>
    <autogen>--KeyToKey-- KeyCode::I, VK_OPTION, KeyCode::H, VK_OPTION</autogen>
    <autogen>--KeyToKey-- KeyCode::O, VK_OPTION, KeyCode::T, VK_OPTION</autogen>
    <autogen>--KeyToKey-- KeyCode::P, VK_OPTION, KeyCode::N, VK_OPTION</autogen>
    <autogen>--KeyToKey-- KeyCode::JIS_ATMARK, VK_OPTION, KeyCode::S, VK_OPTION</autogen>
    <autogen>--KeyToKey-- KeyCode::JIS_BRACKET_LEFT, VK_OPTION, KeyCode::MINUS, VK_OPTION</autogen>
    <autogen>--KeyToKey-- KeyCode::S, VK_OPTION, KeyCode::SEMICOLON, VK_OPTION</autogen>
    <autogen>--KeyToKey-- KeyCode::D, VK_OPTION, KeyCode::Q, VK_OPTION</autogen>
    <autogen>--KeyToKey-- KeyCode::F, VK_OPTION, KeyCode::J, VK_OPTION</autogen>
    <autogen>--KeyToKey-- KeyCode::G, VK_OPTION, KeyCode::K, VK_OPTION</autogen>
    <autogen>--KeyToKey-- KeyCode::H, VK_OPTION, KeyCode::X, VK_OPTION</autogen>
    <autogen>--KeyToKey-- KeyCode::J, VK_OPTION, KeyCode::B, VK_OPTION</autogen>
    <autogen>--KeyToKey-- KeyCode::K, VK_OPTION, KeyCode::M, VK_OPTION</autogen>
    <autogen>--KeyToKey-- KeyCode::L, VK_OPTION, KeyCode::W, VK_OPTION</autogen>
    <autogen>--KeyToKey-- KeyCode::SEMICOLON, VK_OPTION, KeyCode::V, VK_OPTION</autogen>
    <autogen>--KeyToKey-- KeyCode::JIS_COLON, VK_OPTION, KeyCode::Z, VK_OPTION</autogen>
    <autogen>--KeyToKey-- KeyCode::JIS_BRACKET_RIGHT, VK_OPTION, KeyCode::JIS_YEN, VK_OPTION</autogen>
    <autogen>--KeyToKey-- KeyCode::N, VK_OPTION, KeyCode::VK_JIS_TOGGLE_EISUU_KANA, VK_OPTION</autogen>
    <autogen>--KeyToKey-- KeyCode::COMMA, VK_OPTION, KeyCode::FORWARD_DELETE, VK_OPTION</autogen>
    <autogen>--KeyToKey-- KeyCode::JIS_EISUU, VK_OPTION, KeyCode::OPTION_R, VK_OPTION</autogen>
    <autogen>--KeyToKey-- KeyCode::JIS_KANA, VK_OPTION, KeyCode::SHIFT_R, VK_OPTION</autogen>
    <autogen>--KeyToKey-- KeyCode::CURSOR_LEFT, VK_OPTION, KeyCode::ESCAPE, VK_OPTION</autogen>
    <!-- with command -->
    <autogen>--KeyToKey-- KeyCode::F2, VK_COMMAND, KeyCode::ESCAPE, VK_COMMAND</autogen>
    <autogen>--KeyToKey-- KeyCode::F3, VK_COMMAND, KeyCode::OPTION_L, VK_COMMAND</autogen>
    <autogen>--KeyToKey-- KeyCode::F4, VK_COMMAND, KeyCode::COMMAND_L, VK_COMMAND</autogen>
    <autogen>--KeyToKey-- KeyCode::F5, VK_COMMAND, KeyCode::DELETE, VK_COMMAND</autogen>
    <autogen>--KeyToKey-- KeyCode::F6, VK_COMMAND, KeyCode::FORWARD_DELETE, VK_COMMAND</autogen>
    <autogen>--KeyToKey-- KeyCode::F8, VK_COMMAND, KeyCode::TAB, VK_COMMAND</autogen>
    <autogen>--KeyToKey-- KeyCode::F9, VK_COMMAND, KeyCode::TAB, VK_COMMAND</autogen>
    <autogen>--KeyToKey-- KeyCode::F10, VK_COMMAND, KeyCode::COMMAND_R, VK_COMMAND</autogen>
    <autogen>--KeyToKey-- KeyCode::F11, VK_COMMAND, KeyCode::OPTION_R, VK_COMMAND</autogen>
    <autogen>--KeyToKey-- KeyCode::F12, VK_COMMAND, KeyCode::CONTROL_R, VK_COMMAND</autogen>
    <autogen>--KeyToKey-- KeyCode::KEY_1, VK_COMMAND, KeyCode::VK_MODIFIER_EXTRA5, VK_COMMAND</autogen>
    <autogen>--KeyToKey-- KeyCode::KEY_2, VK_COMMAND, KeyCode::KEY_7, VK_COMMAND | VK_SHIFT</autogen>
    <autogen>--KeyToKey-- KeyCode::KEY_3, VK_COMMAND, KeyCode::COMMA, VK_COMMAND</autogen>
    <autogen>--KeyToKey-- KeyCode::KEY_4, VK_COMMAND, KeyCode::DOT, VK_COMMAND</autogen>
    <autogen>--KeyToKey-- KeyCode::KEY_5, VK_COMMAND, KeyCode::P, VK_COMMAND</autogen>
    <autogen>--KeyToKey-- KeyCode::KEY_6, VK_COMMAND, KeyCode::Y, VK_COMMAND</autogen>
    <autogen>--KeyToKey-- KeyCode::KEY_7, VK_COMMAND, KeyCode::F, VK_COMMAND</autogen>
    <autogen>--KeyToKey-- KeyCode::KEY_8, VK_COMMAND, KeyCode::G, VK_COMMAND</autogen>
    <autogen>--KeyToKey-- KeyCode::KEY_9, VK_COMMAND, KeyCode::C, VK_COMMAND</autogen>
    <autogen>--KeyToKey-- KeyCode::KEY_0, VK_COMMAND, KeyCode::R, VK_COMMAND</autogen>
    <autogen>--KeyToKey-- KeyCode::MINUS, VK_COMMAND, KeyCode::L, VK_COMMAND</autogen>
    <autogen>--KeyToKey-- KeyCode::JIS_HAT, VK_COMMAND, KeyCode::SLASH, VK_COMMAND</autogen>
    <autogen>--KeyToKey-- KeyCode::Q, VK_COMMAND, KeyCode::VK_MODIFIER_EXTRA4, VK_COMMAND</autogen>
    <autogen>--KeyToKey-- KeyCode::W, VK_COMMAND, KeyCode::A, VK_COMMAND</autogen>
    <autogen>--KeyToKey-- KeyCode::E, VK_COMMAND, KeyCode::O, VK_COMMAND</autogen>
    <autogen>--KeyToKey-- KeyCode::R, VK_COMMAND, KeyCode::E, VK_COMMAND</autogen>
    <autogen>--KeyToKey-- KeyCode::T, VK_COMMAND, KeyCode::U, VK_COMMAND</autogen>
    <autogen>--KeyToKey-- KeyCode::Y, VK_COMMAND, KeyCode::I, VK_COMMAND</autogen>
    <autogen>--KeyToKey-- KeyCode::U, VK_COMMAND, KeyCode::D, VK_COMMAND</autogen>
    <autogen>--KeyToKey-- KeyCode::I, VK_COMMAND, KeyCode::H, VK_COMMAND</autogen>
    <autogen>--KeyToKey-- KeyCode::O, VK_COMMAND, KeyCode::T, VK_COMMAND</autogen>
    <autogen>--KeyToKey-- KeyCode::P, VK_COMMAND, KeyCode::N, VK_COMMAND</autogen>
    <autogen>--KeyToKey-- KeyCode::JIS_ATMARK, VK_COMMAND, KeyCode::S, VK_COMMAND</autogen>
    <autogen>--KeyToKey-- KeyCode::JIS_BRACKET_LEFT, VK_COMMAND, KeyCode::MINUS, VK_COMMAND</autogen>
    <autogen>--KeyToKey-- KeyCode::S, VK_COMMAND, KeyCode::SEMICOLON, VK_COMMAND</autogen>
    <autogen>--KeyToKey-- KeyCode::D, VK_COMMAND, KeyCode::Q, VK_COMMAND</autogen>
    <autogen>--KeyToKey-- KeyCode::F, VK_COMMAND, KeyCode::J, VK_COMMAND</autogen>
    <autogen>--KeyToKey-- KeyCode::G, VK_COMMAND, KeyCode::K, VK_COMMAND</autogen>
    <autogen>--KeyToKey-- KeyCode::H, VK_COMMAND, KeyCode::X, VK_COMMAND</autogen>
    <autogen>--KeyToKey-- KeyCode::J, VK_COMMAND, KeyCode::B, VK_COMMAND</autogen>
    <autogen>--KeyToKey-- KeyCode::K, VK_COMMAND, KeyCode::M, VK_COMMAND</autogen>
    <autogen>--KeyToKey-- KeyCode::L, VK_COMMAND, KeyCode::W, VK_COMMAND</autogen>
    <autogen>--KeyToKey-- KeyCode::SEMICOLON, VK_COMMAND, KeyCode::V, VK_COMMAND</autogen>
    <autogen>--KeyToKey-- KeyCode::JIS_COLON, VK_COMMAND, KeyCode::Z, VK_COMMAND</autogen>
    <autogen>--KeyToKey-- KeyCode::JIS_BRACKET_RIGHT, VK_COMMAND, KeyCode::JIS_YEN, VK_COMMAND</autogen>
    <autogen>--KeyToKey-- KeyCode::N, VK_COMMAND, KeyCode::VK_JIS_TOGGLE_EISUU_KANA, VK_COMMAND</autogen>
    <autogen>--KeyToKey-- KeyCode::COMMA, VK_COMMAND, KeyCode::FORWARD_DELETE, VK_COMMAND</autogen>
    <autogen>--KeyToKey-- KeyCode::JIS_EISUU, VK_COMMAND, KeyCode::OPTION_R, VK_COMMAND</autogen>
    <autogen>--KeyToKey-- KeyCode::JIS_KANA, VK_COMMAND, KeyCode::SHIFT_R, VK_COMMAND</autogen>
    <autogen>--KeyToKey-- KeyCode::CURSOR_LEFT, VK_COMMAND, KeyCode::ESCAPE, VK_COMMAND</autogen>
    <!-- with function -->
    <autogen>--KeyToKey-- KeyCode::F2, ModifierFlag::FN, KeyCode::ESCAPE, ModifierFlag::FN</autogen>
    <autogen>--KeyToKey-- KeyCode::F3, ModifierFlag::FN, KeyCode::OPTION_L, ModifierFlag::FN</autogen>
    <autogen>--KeyToKey-- KeyCode::F4, ModifierFlag::FN, KeyCode::COMMAND_L, ModifierFlag::FN</autogen>
    <autogen>--KeyToKey-- KeyCode::F5, ModifierFlag::FN, KeyCode::DELETE, ModifierFlag::FN</autogen>
    <autogen>--KeyToKey-- KeyCode::F6, ModifierFlag::FN, KeyCode::FORWARD_DELETE, ModifierFlag::FN</autogen>
    <autogen>--KeyToKey-- KeyCode::F8, ModifierFlag::FN, KeyCode::TAB, ModifierFlag::FN</autogen>
    <autogen>--KeyToKey-- KeyCode::F9, ModifierFlag::FN, KeyCode::TAB, ModifierFlag::FN</autogen>
    <autogen>--KeyToKey-- KeyCode::F10, ModifierFlag::FN, KeyCode::COMMAND_R, ModifierFlag::FN</autogen>
    <autogen>--KeyToKey-- KeyCode::F11, ModifierFlag::FN, KeyCode::OPTION_R, ModifierFlag::FN</autogen>
    <autogen>--KeyToKey-- KeyCode::F12, ModifierFlag::FN, KeyCode::CONTROL_R, ModifierFlag::FN</autogen>
    <autogen>--KeyToKey-- KeyCode::KEY_1, ModifierFlag::FN, KeyCode::VK_MODIFIER_EXTRA5, ModifierFlag::FN</autogen>
    <autogen>--KeyToKey-- KeyCode::KEY_2, ModifierFlag::FN, KeyCode::KEY_7, ModifierFlag::FN</autogen>
    <autogen>--KeyToKey-- KeyCode::KEY_3, ModifierFlag::FN, KeyCode::COMMA, ModifierFlag::FN</autogen>
    <autogen>--KeyToKey-- KeyCode::KEY_4, ModifierFlag::FN, KeyCode::DOT, ModifierFlag::FN</autogen>
    <autogen>--KeyToKey-- KeyCode::KEY_5, ModifierFlag::FN, KeyCode::P, ModifierFlag::FN</autogen>
    <autogen>--KeyToKey-- KeyCode::KEY_6, ModifierFlag::FN, KeyCode::Y, ModifierFlag::FN</autogen>
    <autogen>--KeyToKey-- KeyCode::KEY_7, ModifierFlag::FN, KeyCode::F, ModifierFlag::FN</autogen>
    <autogen>--KeyToKey-- KeyCode::KEY_8, ModifierFlag::FN, KeyCode::G, ModifierFlag::FN</autogen>
    <autogen>--KeyToKey-- KeyCode::KEY_9, ModifierFlag::FN, KeyCode::C, ModifierFlag::FN</autogen>
    <autogen>--KeyToKey-- KeyCode::KEY_0, ModifierFlag::FN, KeyCode::R, ModifierFlag::FN</autogen>
    <autogen>--KeyToKey-- KeyCode::MINUS, ModifierFlag::FN, KeyCode::L, ModifierFlag::FN</autogen>
    <autogen>--KeyToKey-- KeyCode::JIS_HAT, ModifierFlag::FN, KeyCode::SLASH, ModifierFlag::FN</autogen>
    <autogen>--KeyToKey-- KeyCode::Q, ModifierFlag::FN, KeyCode::VK_MODIFIER_EXTRA4, ModifierFlag::FN</autogen>
    <autogen>--KeyToKey-- KeyCode::W, ModifierFlag::FN, KeyCode::A, ModifierFlag::FN</autogen>
    <autogen>--KeyToKey-- KeyCode::E, ModifierFlag::FN, KeyCode::O, ModifierFlag::FN</autogen>
    <autogen>--KeyToKey-- KeyCode::R, ModifierFlag::FN, KeyCode::E, ModifierFlag::FN</autogen>
    <autogen>--KeyToKey-- KeyCode::T, ModifierFlag::FN, KeyCode::U, ModifierFlag::FN</autogen>
    <autogen>--KeyToKey-- KeyCode::Y, ModifierFlag::FN, KeyCode::I, ModifierFlag::FN</autogen>
    <autogen>--KeyToKey-- KeyCode::U, ModifierFlag::FN, KeyCode::D, ModifierFlag::FN</autogen>
    <autogen>--KeyToKey-- KeyCode::I, ModifierFlag::FN, KeyCode::H, ModifierFlag::FN</autogen>
    <autogen>--KeyToKey-- KeyCode::O, ModifierFlag::FN, KeyCode::T, ModifierFlag::FN</autogen>
    <autogen>--KeyToKey-- KeyCode::P, ModifierFlag::FN, KeyCode::N, ModifierFlag::FN</autogen>
    <autogen>--KeyToKey-- KeyCode::JIS_ATMARK, ModifierFlag::FN, KeyCode::S, ModifierFlag::FN</autogen>
    <autogen>--KeyToKey-- KeyCode::JIS_BRACKET_LEFT, ModifierFlag::FN, KeyCode::MINUS, ModifierFlag::FN</autogen>
    <autogen>--KeyToKey-- KeyCode::S, ModifierFlag::FN, KeyCode::SEMICOLON, ModifierFlag::FN</autogen>
    <autogen>--KeyToKey-- KeyCode::D, ModifierFlag::FN, KeyCode::Q, ModifierFlag::FN</autogen>
    <autogen>--KeyToKey-- KeyCode::F, ModifierFlag::FN, KeyCode::J, ModifierFlag::FN</autogen>
    <autogen>--KeyToKey-- KeyCode::G, ModifierFlag::FN, KeyCode::K, ModifierFlag::FN</autogen>
    <autogen>--KeyToKey-- KeyCode::H, ModifierFlag::FN, KeyCode::X, ModifierFlag::FN</autogen>
    <autogen>--KeyToKey-- KeyCode::J, ModifierFlag::FN, KeyCode::B, ModifierFlag::FN</autogen>
    <autogen>--KeyToKey-- KeyCode::K, ModifierFlag::FN, KeyCode::M, ModifierFlag::FN</autogen>
    <autogen>--KeyToKey-- KeyCode::L, ModifierFlag::FN, KeyCode::W, ModifierFlag::FN</autogen>
    <autogen>--KeyToKey-- KeyCode::SEMICOLON, ModifierFlag::FN, KeyCode::V, ModifierFlag::FN</autogen>
    <autogen>--KeyToKey-- KeyCode::JIS_COLON, ModifierFlag::FN, KeyCode::Z, ModifierFlag::FN</autogen>
    <autogen>--KeyToKey-- KeyCode::JIS_BRACKET_RIGHT, ModifierFlag::FN, KeyCode::JIS_YEN, ModifierFlag::FN</autogen>
    <autogen>--KeyToKey-- KeyCode::N, ModifierFlag::FN, KeyCode::VK_JIS_TOGGLE_EISUU_KANA, ModifierFlag::FN</autogen>
    <autogen>--KeyToKey-- KeyCode::COMMA, ModifierFlag::FN, KeyCode::FORWARD_DELETE, ModifierFlag::FN</autogen>
    <autogen>--KeyToKey-- KeyCode::JIS_EISUU, ModifierFlag::FN, KeyCode::OPTION_R, ModifierFlag::FN</autogen>
    <autogen>--KeyToKey-- KeyCode::JIS_KANA, ModifierFlag::FN, KeyCode::SHIFT_R, ModifierFlag::FN</autogen>
    <autogen>--KeyToKey-- KeyCode::CURSOR_LEFT, ModifierFlag::FN, KeyCode::ESCAPE, ModifierFlag::FN</autogen>
    <!-- EXTRA1 - symbols -->
    <autogen>--KeyOverlaidModifier-- KeyCode::M, KeyCode::VK_MODIFIER_EXTRA1, KeyCode::DELETE</autogen>
    <autogen>--KeyToKey-- KeyCode::KEY_2, ModifierFlag::EXTRA1, KeyCode::JIS_ATMARK</autogen>
    <autogen>--KeyToKey-- KeyCode::KEY_3, ModifierFlag::EXTRA1, KeyCode::KEY_3, VK_SHIFT</autogen>
    <autogen>--KeyToKey-- KeyCode::KEY_4, ModifierFlag::EXTRA1, KeyCode::KEY_4, VK_SHIFT</autogen>
    <autogen>--KeyToKey-- KeyCode::KEY_5, ModifierFlag::EXTRA1, KeyCode::KEY_5, VK_SHIFT</autogen>
    <autogen>--KeyToKey-- KeyCode::KEY_6, ModifierFlag::EXTRA1, KeyCode::F11</autogen>
    <autogen>--KeyToKey-- KeyCode::KEY_7, ModifierFlag::EXTRA1, KeyCode::F12</autogen>
    <autogen>--KeyToKey-- KeyCode::KEY_8, ModifierFlag::EXTRA1, KeyCode::KEY_6, VK_SHIFT</autogen>
    <autogen>--KeyToKey-- KeyCode::KEY_9, ModifierFlag::EXTRA1, KeyCode::JIS_YEN, VK_SHIFT</autogen>
    <autogen>--KeyToKey-- KeyCode::KEY_0, ModifierFlag::EXTRA1, KeyCode::RETURN</autogen>
    <autogen>--KeyToKey-- KeyCode::MINUS, ModifierFlag::EXTRA1, KeyCode::DELETE</autogen>
    <autogen>--KeyToKey-- KeyCode::W, ModifierFlag::EXTRA1, KeyCode::KEY_8, VK_SHIFT</autogen>
    <autogen>--KeyToKey-- KeyCode::E, ModifierFlag::EXTRA1, KeyCode::KEY_9, VK_SHIFT</autogen>
    <autogen>--KeyToKey-- KeyCode::R, ModifierFlag::EXTRA1, KeyCode::JIS_BRACKET_LEFT, VK_SHIFT</autogen>
    <autogen>--KeyToKey-- KeyCode::T, ModifierFlag::EXTRA1, KeyCode::JIS_BRACKET_RIGHT, VK_SHIFT</autogen>
    <autogen>--KeyToKey-- KeyCode::Y, ModifierFlag::EXTRA1, KeyCode::MINUS</autogen>
    <autogen>--KeyToKey-- KeyCode::U, ModifierFlag::EXTRA1, KeyCode::JIS_UNDERSCORE</autogen>
    <autogen>--KeyToKey-- KeyCode::I, ModifierFlag::EXTRA1, KeyCode::JIS_BRACKET_LEFT</autogen>
    <autogen>--KeyToKey-- KeyCode::O, ModifierFlag::EXTRA1, KeyCode::JIS_BRACKET_RIGHT</autogen>
    <autogen>--KeyToKey-- KeyCode::P, ModifierFlag::EXTRA1, KeyCode::COMMA, VK_SHIFT</autogen>
    <autogen>--KeyToKey-- KeyCode::JIS_ATMARK, ModifierFlag::EXTRA1, KeyCode::DOT, VK_SHIFT</autogen>
    <autogen>--KeyToKey-- KeyCode::S, ModifierFlag::EXTRA1, KeyCode::SLASH, VK_SHIFT</autogen>
    <autogen>--KeyToKey-- KeyCode::D, ModifierFlag::EXTRA1, KeyCode::SLASH</autogen>
    <autogen>--KeyToKey-- KeyCode::F, ModifierFlag::EXTRA1, KeyCode::JIS_HAT</autogen>
    <autogen>--KeyToKey-- KeyCode::G, ModifierFlag::EXTRA1, KeyCode::KEY_1, VK_SHIFT</autogen>
    <autogen>--KeyToKey-- KeyCode::H, ModifierFlag::EXTRA1, KeyCode::JIS_ATMARK, VK_SHIFT</autogen>
    <autogen>--KeyToKey-- KeyCode::J, ModifierFlag::EXTRA1, KeyCode::JIS_HAT, VK_SHIFT</autogen>
    <autogen>--KeyToKey-- KeyCode::K, ModifierFlag::EXTRA1, KeyCode::JIS_COLON, VK_SHIFT</autogen>
    <autogen>--KeyToKey-- KeyCode::L, ModifierFlag::EXTRA1, KeyCode::SEMICOLON, VK_SHIFT</autogen>
    <autogen>--KeyToKey-- KeyCode::SEMICOLON, ModifierFlag::EXTRA1, KeyCode::KEYPAD_EQUAL</autogen>
    <autogen>--KeyToKey-- KeyCode::JIS_COLON, ModifierFlag::EXTRA1, KeyCode::JIS_YEN</autogen>
    <!-- EXTRA2 - manipulation -->
    <autogen>--KeyOverlaidModifier-- KeyCode::B, KeyCode::VK_MODIFIER_EXTRA2, KeyCode::RETURN</autogen>
    <!-- cursors -->
    <autogen>--KeyToKey-- KeyCode::KEY_2, ModifierFlag::EXTRA2, KeyCode::CURSOR_LEFT</autogen>
    <autogen>--KeyToKey-- KeyCode::KEY_3, ModifierFlag::EXTRA2, KeyCode::CURSOR_RIGHT</autogen>
    <autogen>--KeyToKey-- KeyCode::KEY_4, ModifierFlag::EXTRA2, KeyCode::CURSOR_DOWN</autogen>
    <autogen>--KeyToKey-- KeyCode::KEY_5, ModifierFlag::EXTRA2, KeyCode::CURSOR_UP</autogen>
    <autogen>--KeyToKey-- KeyCode::KEY_8, ModifierFlag::EXTRA2, KeyCode::HOME</autogen>
    <autogen>--KeyToKey-- KeyCode::KEY_9, ModifierFlag::EXTRA2, KeyCode::END</autogen>
    <autogen>--KeyToKey-- KeyCode::KEY_0, ModifierFlag::EXTRA2, KeyCode::PAGEUP</autogen>
    <autogen>--KeyToKey-- KeyCode::MINUS, ModifierFlag::EXTRA2, KeyCode::PAGEDOWN</autogen>
    <!-- nums -->
    <autogen>--KeyToKey-- KeyCode::W, ModifierFlag::EXTRA2, KeyCode::KEY_1</autogen>
    <autogen>--KeyToKey-- KeyCode::E, ModifierFlag::EXTRA2, KeyCode::KEY_2</autogen>
    <autogen>--KeyToKey-- KeyCode::R, ModifierFlag::EXTRA2, KeyCode::KEY_3</autogen>
    <autogen>--KeyToKey-- KeyCode::T, ModifierFlag::EXTRA2, KeyCode::KEY_4</autogen>
    <autogen>--KeyToKey-- KeyCode::Y, ModifierFlag::EXTRA2, KeyCode::KEY_5</autogen>
    <autogen>--KeyToKey-- KeyCode::U, ModifierFlag::EXTRA2, KeyCode::KEY_6</autogen>
    <autogen>--KeyToKey-- KeyCode::I, ModifierFlag::EXTRA2, KeyCode::KEY_7</autogen>
    <autogen>--KeyToKey-- KeyCode::O, ModifierFlag::EXTRA2, KeyCode::KEY_8</autogen>
    <autogen>--KeyToKey-- KeyCode::P, ModifierFlag::EXTRA2, KeyCode::KEY_9</autogen>
    <autogen>--KeyToKey-- KeyCode::JIS_ATMARK, ModifierFlag::EXTRA2, KeyCode::KEY_0</autogen>
    <!-- F keys -->
    <autogen>--KeyToKey-- KeyCode::S, ModifierFlag::EXTRA2, KeyCode::F1</autogen>
    <autogen>--KeyToKey-- KeyCode::D, ModifierFlag::EXTRA2, KeyCode::F2</autogen>
    <autogen>--KeyToKey-- KeyCode::F, ModifierFlag::EXTRA2, KeyCode::F3</autogen>
    <autogen>--KeyToKey-- KeyCode::G, ModifierFlag::EXTRA2, KeyCode::F4</autogen>
    <autogen>--KeyToKey-- KeyCode::H, ModifierFlag::EXTRA2, KeyCode::F5</autogen>
    <autogen>--KeyToKey-- KeyCode::J, ModifierFlag::EXTRA2, KeyCode::F6</autogen>
    <autogen>--KeyToKey-- KeyCode::K, ModifierFlag::EXTRA2, KeyCode::F7</autogen>
    <autogen>--KeyToKey-- KeyCode::L, ModifierFlag::EXTRA2, KeyCode::F8</autogen>
    <autogen>--KeyToKey-- KeyCode::SEMICOLON, ModifierFlag::EXTRA2, KeyCode::F9</autogen>
    <autogen>--KeyToKey-- KeyCode::JIS_COLON, ModifierFlag::EXTRA2, KeyCode::F10</autogen>
    <autogen>--KeyToKey-- KeyCode::JIS_BRACKET_RIGHT, ModifierFlag::EXTRA2, KeyCode::F11</autogen>
    <autogen>--KeyToKey-- KeyCode::JIS_BRACKET_LEFT, ModifierFlag::EXTRA2, KeyCode::F12</autogen>
    <!-- switch window -->
    <autogen>--SimultaneousKeyPresses-- KeyCode::B, KeyCode::KEY_6, KeyCode::F9</autogen>

    <!-- EXTRA3 one-hand input -->
    <autogen>--KeyOverlaidModifier-- KeyCode::V, KeyCode::VK_MODIFIER_EXTRA3, KeyCode::SPACE</autogen>
    <autogen>--KeyToKey-- KeyCode::F5, ModifierFlag::EXTRA3, KeyCode::CONTROL_R</autogen>
    <autogen>--KeyToKey-- KeyCode::F6, ModifierFlag::EXTRA3, KeyCode::SHIFT_R</autogen>
    <autogen>--KeyToKey-- KeyCode::F7, ModifierFlag::EXTRA3, KeyCode::SPACE</autogen>
    <autogen>--KeyToKey-- KeyCode::F8, ModifierFlag::EXTRA3, KeyCode::SHIFT_L</autogen>
    <autogen>--KeyToKey-- KeyCode::F9, ModifierFlag::EXTRA3, KeyCode::CONTROL_L</autogen>
    <autogen>--KeyToKey-- KeyCode::KEY_2, ModifierFlag::EXTRA3, KeyCode::L</autogen>
    <autogen>--KeyToKey-- KeyCode::KEY_3, ModifierFlag::EXTRA3, KeyCode::R</autogen>
    <autogen>--KeyToKey-- KeyCode::KEY_4, ModifierFlag::EXTRA3, KeyCode::C</autogen>
    <autogen>--KeyToKey-- KeyCode::KEY_5, ModifierFlag::EXTRA3, KeyCode::G</autogen>
    <autogen>--KeyToKey-- KeyCode::KEY_6, ModifierFlag::EXTRA3, KeyCode::F</autogen>
    <autogen>--KeyToKey-- KeyCode::KEY_7, ModifierFlag::EXTRA3, KeyCode::Y</autogen>
    <autogen>--KeyToKey-- KeyCode::KEY_8, ModifierFlag::EXTRA3, KeyCode::P</autogen>
    <autogen>--KeyToKey-- KeyCode::KEY_9, ModifierFlag::EXTRA3, KeyCode::DOT</autogen>
    <autogen>--KeyToKey-- KeyCode::KEY_0, ModifierFlag::EXTRA3, KeyCode::COMMA</autogen>
    <autogen>--KeyToKey-- KeyCode::MINUS, ModifierFlag::EXTRA3, KeyCode::QUOTE</autogen>
    <autogen>--KeyToKey-- KeyCode::W, ModifierFlag::EXTRA3, KeyCode::S</autogen>
    <autogen>--KeyToKey-- KeyCode::E, ModifierFlag::EXTRA3, KeyCode::N</autogen>
    <autogen>--KeyToKey-- KeyCode::R, ModifierFlag::EXTRA3, KeyCode::T</autogen>
    <autogen>--KeyToKey-- KeyCode::T, ModifierFlag::EXTRA3, KeyCode::H</autogen>
    <autogen>--KeyToKey-- KeyCode::Y, ModifierFlag::EXTRA3, KeyCode::D</autogen>
    <autogen>--KeyToKey-- KeyCode::U, ModifierFlag::EXTRA3, KeyCode::I</autogen>
    <autogen>--KeyToKey-- KeyCode::I, ModifierFlag::EXTRA3, KeyCode::U</autogen>
    <autogen>--KeyToKey-- KeyCode::O, ModifierFlag::EXTRA3, KeyCode::E</autogen>
    <autogen>--KeyToKey-- KeyCode::P, ModifierFlag::EXTRA3, KeyCode::O</autogen>
    <autogen>--KeyToKey-- KeyCode::JIS_ATMARK, ModifierFlag::EXTRA3, KeyCode::A</autogen>
    <autogen>--KeyToKey-- KeyCode::S, ModifierFlag::EXTRA3, KeyCode::Z</autogen>
    <autogen>--KeyToKey-- KeyCode::D, ModifierFlag::EXTRA3, KeyCode::V</autogen>
    <autogen>--KeyToKey-- KeyCode::F, ModifierFlag::EXTRA3, KeyCode::W</autogen>
    <autogen>--KeyToKey-- KeyCode::G, ModifierFlag::EXTRA3, KeyCode::M</autogen>
    <autogen>--KeyToKey-- KeyCode::H, ModifierFlag::EXTRA3, KeyCode::B</autogen>
    <autogen>--KeyToKey-- KeyCode::J, ModifierFlag::EXTRA3, KeyCode::X</autogen>
    <autogen>--KeyToKey-- KeyCode::K, ModifierFlag::EXTRA3, KeyCode::K</autogen>
    <autogen>--KeyToKey-- KeyCode::L, ModifierFlag::EXTRA3, KeyCode::J</autogen>
    <autogen>--KeyToKey-- KeyCode::SEMICOLON, ModifierFlag::EXTRA3, KeyCode::Q</autogen>
    <autogen>--KeyToKey-- KeyCode::JIS_COLON, ModifierFlag::EXTRA3, KeyCode::SEMICOLON</autogen>

    <!-- EXTRA4 -->
    <autogen>--KeyOverlaidModifier-- KeyCode::Q, KeyCode::VK_MODIFIER_EXTRA4, KeyCode::DELETE</autogen>
    <!-- select by charactor -->
    <autogen>--KeyToKey-- KeyCode::KEY_2, ModifierFlag::EXTRA4, KeyCode::CURSOR_LEFT, VK_SHIFT</autogen>
    <autogen>--KeyToKey-- KeyCode::KEY_3, ModifierFlag::EXTRA4, KeyCode::CURSOR_RIGHT, VK_SHIFT</autogen>
    <autogen>--KeyToKey-- KeyCode::KEY_4, ModifierFlag::EXTRA4, KeyCode::CURSOR_DOWN, VK_SHIFT</autogen>
    <autogen>--KeyToKey-- KeyCode::KEY_5, ModifierFlag::EXTRA4, KeyCode::CURSOR_UP, VK_SHIFT</autogen>
    <!-- move by line -->
    <autogen>--KeyToKey-- KeyCode::W, ModifierFlag::EXTRA4, KeyCode::CURSOR_LEFT, VK_COMMAND</autogen>
    <autogen>--KeyToKey-- KeyCode::E, ModifierFlag::EXTRA4, KeyCode::CURSOR_RIGHT, VK_COMMAND</autogen>
    <!-- select by line -->
    <autogen>--KeyToKey-- KeyCode::R, ModifierFlag::EXTRA4, KeyCode::CURSOR_LEFT, VK_COMMAND|VK_SHIFT</autogen>
    <autogen>--KeyToKey-- KeyCode::T, ModifierFlag::EXTRA4, KeyCode::CURSOR_RIGHT, VK_COMMAND|VK_SHIFT</autogen>
    <!-- move by word -->
    <autogen>--KeyToKey-- KeyCode::S, ModifierFlag::EXTRA4, KeyCode::CURSOR_LEFT, VK_OPTION</autogen>
    <autogen>--KeyToKey-- KeyCode::D, ModifierFlag::EXTRA4, KeyCode::CURSOR_RIGHT, VK_OPTION</autogen>
    <!-- select by word -->
    <autogen>--KeyToKey-- KeyCode::F, ModifierFlag::EXTRA4, KeyCode::CURSOR_LEFT, VK_OPTION|VK_SHIFT</autogen>
    <autogen>--KeyToKey-- KeyCode::G, ModifierFlag::EXTRA4, KeyCode::CURSOR_RIGHT, VK_OPTION|VK_SHIFT</autogen>
    <!-- show full windows -->
    <autogen>--KeyToKey-- KeyCode::Y, ModifierFlag::EXTRA4, KeyCode::F, VK_COMMAND|VK_SHIFT</autogen>
    <autogen>--KeyToKey-- KeyCode::X, ModifierFlag::EXTRA4, KeyCode::KEYPAD_MINUS, VK_COMMAND</autogen>
    <autogen>--KeyToKey-- KeyCode::C, ModifierFlag::EXTRA4, KeyCode::KEYPAD_PLUS, VK_COMMAND</autogen>

    <!-- EXTRA5 -->
    <autogen>--KeyOverlaidModifier-- KeyCode::KEY_1, KeyCode::VK_MODIFIER_EXTRA5, KeyCode::DELETE</autogen>
    <!-- undo -->
    <autogen>--KeyToKey-- KeyCode::KEY_2, ModifierFlag::EXTRA5, KeyCode::Z, VK_COMMAND</autogen>
    <!-- cut -->
    <autogen>--KeyToKey-- KeyCode::KEY_3, ModifierFlag::EXTRA5, KeyCode::X, VK_COMMAND</autogen>
    <!-- copy -->
    <autogen>--KeyToKey-- KeyCode::KEY_4, ModifierFlag::EXTRA5, KeyCode::C, VK_COMMAND</autogen>
    <!-- paste -->
    <autogen>--KeyToKey-- KeyCode::KEY_5, ModifierFlag::EXTRA5, KeyCode::V, VK_COMMAND</autogen>
    <!-- undo - undo -->
    <autogen>--KeyToKey-- KeyCode::KEY_6, ModifierFlag::EXTRA5, KeyCode::Z, VK_COMMAND, VK_SHIFT</autogen>
    <!-- save -->
    <autogen>--KeyToKey-- KeyCode::KEY_7, ModifierFlag::EXTRA5, KeyCode::S, VK_COMMAND</autogen>
    <!-- switch input mode -->
    <autogen>--KeyToKey-- KeyCode::T, ModifierFlag::EXTRA5, KeyCode::VK_JIS_TOGGLE_EISUU_KANA</autogen>
    <!-- select all -->
    <autogen>--KeyToKey-- KeyCode::S, ModifierFlag::EXTRA5, KeyCode::A, VK_COMMAND</autogen>
    <!-- search -->
    <autogen>--KeyToKey-- KeyCode::D, ModifierFlag::EXTRA5, KeyCode::F, VK_COMMAND</autogen>
    <!-- delete file -->
    <autogen>--KeyToKey-- KeyCode::SPACE, ModifierFlag::EXTRA5, KeyCode::DELETE, VK_COMMAND</autogen>
    <!-- Alternative EXTRA6 -->
    <!-- quit window -->
    <autogen>--SimultaneousKeyPresses-- KeyCode::C, KeyCode::KEY_6, KeyCode::W, VK_COMMAND</autogen>
    <!-- switch tab [] -->
    <autogen>--SimultaneousKeyPresses-- KeyCode::C, KeyCode::KEY_2, KeyCode::JIS_BRACKET_LEFT, VK_COMMAND|VK_SHIFT</autogen>
    <autogen>--SimultaneousKeyPresses-- KeyCode::C, KeyCode::KEY_3, KeyCode::JIS_BRACKET_RIGHT, VK_COMMAND|VK_SHIFT</autogen>
    <!-- switch tab -->
    <autogen>--SimultaneousKeyPresses-- KeyCode::C, KeyCode::KEY_4, KeyCode::CURSOR_LEFT, VK_COMMAND|VK_SHIFT</autogen>
    <autogen>--SimultaneousKeyPresses-- KeyCode::C, KeyCode::KEY_5, KeyCode::CURSOR_RIGHT, VK_COMMAND|VK_SHIFT</autogen>
    <!-- browser - back, forward -->
    <autogen>--SimultaneousKeyPresses-- KeyCode::C, KeyCode::W, KeyCode::JIS_BRACKET_LEFT, VK_COMMAND</autogen>
    <autogen>--SimultaneousKeyPresses-- KeyCode::C, KeyCode::E, KeyCode::JIS_BRACKET_RIGHT, VK_COMMAND</autogen>
    <!--  show ClipMenu -->
    <autogen>--SimultaneousKeyPresses-- KeyCode::C, KeyCode::D, KeyCode::V, VK_COMMAND|VK_SHIFT</autogen>
    <!-- for num,f key + modifier key -->
    <!-- num with option -->
    <autogen>--SimultaneousKeyPresses-- KeyCode::V, KeyCode::U, KeyCode::KEY_6, VK_OPTION</autogen>
    <autogen>--SimultaneousKeyPresses-- KeyCode::V, KeyCode::I, KeyCode::KEY_7, VK_OPTION</autogen>
    <autogen>--SimultaneousKeyPresses-- KeyCode::V, KeyCode::O, KeyCode::KEY_8, VK_OPTION</autogen>
    <autogen>--SimultaneousKeyPresses-- KeyCode::V, KeyCode::P, KeyCode::KEY_9, VK_OPTION</autogen>
    <autogen>--SimultaneousKeyPresses-- KeyCode::V, KeyCode::JIS_ATMARK, KeyCode::KEY_0, VK_OPTION</autogen>
    <!-- f with option -->
    <autogen>--SimultaneousKeyPresses-- KeyCode::V, KeyCode::J, KeyCode::F6, VK_OPTION</autogen>
    <autogen>--SimultaneousKeyPresses-- KeyCode::V, KeyCode::K, KeyCode::F7, VK_OPTION</autogen>
    <autogen>--SimultaneousKeyPresses-- KeyCode::V, KeyCode::L, KeyCode::F8, VK_OPTION</autogen>
    <autogen>--SimultaneousKeyPresses-- KeyCode::V, KeyCode::SEMICOLON, KeyCode::F9, VK_OPTION</autogen>
    <autogen>--SimultaneousKeyPresses-- KeyCode::V, KeyCode::JIS_COLON, KeyCode::F10, VK_OPTION</autogen>
    <autogen>--SimultaneousKeyPresses-- KeyCode::V, KeyCode::JIS_BRACKET_RIGHT, KeyCode::F11, VK_OPTION</autogen>
    <autogen>--SimultaneousKeyPresses-- KeyCode::V, KeyCode::JIS_BRACKET_LEFT, KeyCode::F12, VK_OPTION</autogen>
    <!-- num with command -->
    <autogen>--SimultaneousKeyPresses-- KeyCode::C, KeyCode::U, KeyCode::KEY_6, VK_COMMAND</autogen>
    <autogen>--SimultaneousKeyPresses-- KeyCode::C, KeyCode::I, KeyCode::KEY_7, VK_COMMAND</autogen>
    <autogen>--SimultaneousKeyPresses-- KeyCode::C, KeyCode::O, KeyCode::KEY_8, VK_COMMAND</autogen>
    <autogen>--SimultaneousKeyPresses-- KeyCode::C, KeyCode::P, KeyCode::KEY_9, VK_COMMAND</autogen>
    <autogen>--SimultaneousKeyPresses-- KeyCode::C, KeyCode::JIS_ATMARK, KeyCode::KEY_0, VK_COMMAND</autogen>
    <!-- f with command -->
    <autogen>--SimultaneousKeyPresses-- KeyCode::C, KeyCode::J, KeyCode::F6, VK_COMMAND</autogen>
    <autogen>--SimultaneousKeyPresses-- KeyCode::C, KeyCode::K, KeyCode::F7, VK_COMMAND</autogen>
    <autogen>--SimultaneousKeyPresses-- KeyCode::C, KeyCode::L, KeyCode::F8, VK_COMMAND</autogen>
    <autogen>--SimultaneousKeyPresses-- KeyCode::C, KeyCode::SEMICOLON, KeyCode::F9, VK_COMMAND</autogen>
    <autogen>--SimultaneousKeyPresses-- KeyCode::C, KeyCode::JIS_COLON, KeyCode::F10, VK_COMMAND</autogen>
    <autogen>--SimultaneousKeyPresses-- KeyCode::C, KeyCode::JIS_BRACKET_RIGHT, KeyCode::F11, VK_COMMAND</autogen>
    <autogen>--SimultaneousKeyPresses-- KeyCode::C, KeyCode::JIS_BRACKET_LEFT, KeyCode::F12, VK_COMMAND</autogen>
    <!-- num with control -->
    <autogen>--SimultaneousKeyPresses-- KeyCode::X, KeyCode::U, KeyCode::KEY_6, VK_CONTROL</autogen>
    <autogen>--SimultaneousKeyPresses-- KeyCode::X, KeyCode::I, KeyCode::KEY_7, VK_CONTROL</autogen>
    <autogen>--SimultaneousKeyPresses-- KeyCode::X, KeyCode::O, KeyCode::KEY_8, VK_CONTROL</autogen>
    <autogen>--SimultaneousKeyPresses-- KeyCode::X, KeyCode::P, KeyCode::KEY_9, VK_CONTROL</autogen>
    <autogen>--SimultaneousKeyPresses-- KeyCode::X, KeyCode::JIS_ATMARK, KeyCode::KEY_0, VK_CONTROL</autogen>
    <!-- f with control -->
    <autogen>--SimultaneousKeyPresses-- KeyCode::X, KeyCode::J, KeyCode::F6, VK_CONTROL</autogen>
    <autogen>--SimultaneousKeyPresses-- KeyCode::X, KeyCode::K, KeyCode::F7, VK_CONTROL</autogen>
    <autogen>--SimultaneousKeyPresses-- KeyCode::X, KeyCode::L, KeyCode::F8, VK_CONTROL</autogen>
    <autogen>--SimultaneousKeyPresses-- KeyCode::X, KeyCode::SEMICOLON, KeyCode::F9, VK_CONTROL</autogen>
    <autogen>--SimultaneousKeyPresses-- KeyCode::X, KeyCode::JIS_COLON, KeyCode::F10, VK_CONTROL</autogen>
    <autogen>--SimultaneousKeyPresses-- KeyCode::X, KeyCode::JIS_BRACKET_RIGHT, KeyCode::F11, VK_CONTROL</autogen>
    <autogen>--SimultaneousKeyPresses-- KeyCode::X, KeyCode::JIS_BRACKET_LEFT, KeyCode::F12, VK_CONTROL</autogen>
    <!-- num with shift + command -->
    <autogen>--SimultaneousKeyPresses-- KeyCode::Z, KeyCode::U, KeyCode::KEY_6, VK_SHIFT|VK_COMMAND</autogen>
    <autogen>--SimultaneousKeyPresses-- KeyCode::Z, KeyCode::I, KeyCode::KEY_7, VK_SHIFT|VK_COMMAND</autogen>
    <autogen>--SimultaneousKeyPresses-- KeyCode::Z, KeyCode::O, KeyCode::KEY_8, VK_SHIFT|VK_COMMAND</autogen>
    <autogen>--SimultaneousKeyPresses-- KeyCode::Z, KeyCode::P, KeyCode::KEY_9, VK_SHIFT|VK_COMMAND</autogen>
    <autogen>--SimultaneousKeyPresses-- KeyCode::Z, KeyCode::JIS_ATMARK, KeyCode::KEY_0, VK_SHIFT|VK_COMMAND</autogen>
    <!-- f with shift + command -->
    <autogen>--SimultaneousKeyPresses-- KeyCode::Z, KeyCode::J, KeyCode::F6, VK_SHIFT|VK_COMMAND</autogen>
    <autogen>--SimultaneousKeyPresses-- KeyCode::Z, KeyCode::K, KeyCode::F7, VK_SHIFT|VK_COMMAND</autogen>
    <autogen>--SimultaneousKeyPresses-- KeyCode::Z, KeyCode::L, KeyCode::F8, VK_SHIFT|VK_COMMAND</autogen>
    <autogen>--SimultaneousKeyPresses-- KeyCode::Z, KeyCode::SEMICOLON, KeyCode::F9, VK_SHIFT|VK_COMMAND</autogen>
    <autogen>--SimultaneousKeyPresses-- KeyCode::Z, KeyCode::JIS_COLON, KeyCode::F10, VK_SHIFT|VK_COMMAND</autogen>
    <autogen>--SimultaneousKeyPresses-- KeyCode::Z, KeyCode::JIS_BRACKET_RIGHT, KeyCode::F11, VK_SHIFT|VK_COMMAND</autogen>
    <autogen>--SimultaneousKeyPresses-- KeyCode::Z, KeyCode::JIS_BRACKET_LEFT, KeyCode::F12, VK_SHIFT|VK_COMMAND</autogen>

    <!-- num with option -->
    <autogen>--SimultaneousKeyPresses-- KeyCode::COMMA, KeyCode::W, KeyCode::KEY_1, VK_OPTION</autogen>
    <autogen>--SimultaneousKeyPresses-- KeyCode::COMMA, KeyCode::E, KeyCode::KEY_2, VK_OPTION</autogen>
    <autogen>--SimultaneousKeyPresses-- KeyCode::COMMA, KeyCode::R, KeyCode::KEY_3, VK_OPTION</autogen>
    <autogen>--SimultaneousKeyPresses-- KeyCode::COMMA, KeyCode::T, KeyCode::KEY_4, VK_OPTION</autogen>
    <autogen>--SimultaneousKeyPresses-- KeyCode::COMMA, KeyCode::Y, KeyCode::KEY_5, VK_OPTION</autogen>
    <!-- f with option -->
    <autogen>--SimultaneousKeyPresses-- KeyCode::COMMA, KeyCode::S, KeyCode::F1, VK_OPTION</autogen>
    <autogen>--SimultaneousKeyPresses-- KeyCode::COMMA, KeyCode::D, KeyCode::F2, VK_OPTION</autogen>
    <autogen>--SimultaneousKeyPresses-- KeyCode::COMMA, KeyCode::F, KeyCode::F3, VK_OPTION</autogen>
    <autogen>--SimultaneousKeyPresses-- KeyCode::COMMA, KeyCode::G, KeyCode::F4, VK_OPTION</autogen>
    <autogen>--SimultaneousKeyPresses-- KeyCode::COMMA, KeyCode::H, KeyCode::F5, VK_OPTION</autogen>
    <!-- num with command -->
    <autogen>--SimultaneousKeyPresses-- KeyCode::DOT, KeyCode::W, KeyCode::KEY_1, VK_COMMAND</autogen>
    <autogen>--SimultaneousKeyPresses-- KeyCode::DOT, KeyCode::E, KeyCode::KEY_2, VK_COMMAND</autogen>
    <autogen>--SimultaneousKeyPresses-- KeyCode::DOT, KeyCode::R, KeyCode::KEY_3, VK_COMMAND</autogen>
    <autogen>--SimultaneousKeyPresses-- KeyCode::DOT, KeyCode::T, KeyCode::KEY_4, VK_COMMAND</autogen>
    <autogen>--SimultaneousKeyPresses-- KeyCode::DOT, KeyCode::Y, KeyCode::KEY_5, VK_COMMAND</autogen>
    <!-- f with command -->
    <autogen>--SimultaneousKeyPresses-- KeyCode::DOT, KeyCode::S, KeyCode::F1, VK_COMMAND</autogen>
    <autogen>--SimultaneousKeyPresses-- KeyCode::DOT, KeyCode::D, KeyCode::F2, VK_COMMAND</autogen>
    <autogen>--SimultaneousKeyPresses-- KeyCode::DOT, KeyCode::F, KeyCode::F3, VK_COMMAND</autogen>
    <autogen>--SimultaneousKeyPresses-- KeyCode::DOT, KeyCode::G, KeyCode::F4, VK_COMMAND</autogen>
    <autogen>--SimultaneousKeyPresses-- KeyCode::DOT, KeyCode::H, KeyCode::F5, VK_COMMAND</autogen>
    <!-- num with control -->
    <autogen>--SimultaneousKeyPresses-- KeyCode::SLASH, KeyCode::W, KeyCode::KEY_1, VK_CONTROL</autogen>
    <autogen>--SimultaneousKeyPresses-- KeyCode::SLASH, KeyCode::E, KeyCode::KEY_2, VK_CONTROL</autogen>
    <autogen>--SimultaneousKeyPresses-- KeyCode::SLASH, KeyCode::R, KeyCode::KEY_3, VK_CONTROL</autogen>
    <autogen>--SimultaneousKeyPresses-- KeyCode::SLASH, KeyCode::T, KeyCode::KEY_4, VK_CONTROL</autogen>
    <!-- f with control -->
    <autogen>--SimultaneousKeyPresses-- KeyCode::SLASH, KeyCode::S, KeyCode::F1, VK_CONTROL</autogen>
    <autogen>--SimultaneousKeyPresses-- KeyCode::SLASH, KeyCode::D, KeyCode::F2, VK_CONTROL</autogen>
    <autogen>--SimultaneousKeyPresses-- KeyCode::SLASH, KeyCode::F, KeyCode::F3, VK_CONTROL</autogen>
    <autogen>--SimultaneousKeyPresses-- KeyCode::SLASH, KeyCode::G, KeyCode::F4, VK_CONTROL</autogen>
    <autogen>--SimultaneousKeyPresses-- KeyCode::SLASH, KeyCode::H, KeyCode::F5, VK_CONTROL</autogen>
    <!-- num with shift + command -->
    <autogen>--SimultaneousKeyPresses-- KeyCode::JIS_UNDERSCORE, KeyCode::W, KeyCode::KEY_1, VK_SHIFT|VK_COMMAND</autogen>
    <autogen>--SimultaneousKeyPresses-- KeyCode::JIS_UNDERSCORE, KeyCode::E, KeyCode::KEY_2, VK_SHIFT|VK_COMMAND</autogen>
    <autogen>--SimultaneousKeyPresses-- KeyCode::JIS_UNDERSCORE, KeyCode::R, KeyCode::KEY_3, VK_SHIFT|VK_COMMAND</autogen>
    <autogen>--SimultaneousKeyPresses-- KeyCode::JIS_UNDERSCORE, KeyCode::T, KeyCode::KEY_4, VK_SHIFT|VK_COMMAND</autogen>
    <autogen>--SimultaneousKeyPresses-- KeyCode::JIS_UNDERSCORE, KeyCode::Y, KeyCode::KEY_5, VK_SHIFT|VK_COMMAND</autogen>
    <!-- f with shift + command -->
    <autogen>--SimultaneousKeyPresses-- KeyCode::JIS_UNDERSCORE, KeyCode::S, KeyCode::F1, VK_SHIFT|VK_COMMAND</autogen>
    <autogen>--SimultaneousKeyPresses-- KeyCode::JIS_UNDERSCORE, KeyCode::D, KeyCode::F2, VK_SHIFT|VK_COMMAND</autogen>
    <autogen>--SimultaneousKeyPresses-- KeyCode::JIS_UNDERSCORE, KeyCode::F, KeyCode::F3, VK_SHIFT|VK_COMMAND</autogen>
    <autogen>--SimultaneousKeyPresses-- KeyCode::JIS_UNDERSCORE, KeyCode::G, KeyCode::F4, VK_SHIFT|VK_COMMAND</autogen>
    <autogen>--SimultaneousKeyPresses-- KeyCode::JIS_UNDERSCORE, KeyCode::H, KeyCode::F5, VK_SHIFT|VK_COMMAND</autogen>
  </item>
</list>
