<autogen>--KeyToConsumer-- KeyCode::F1,  ModifierFlag::FN, ConsumerKeyCode::BRIGHTNESS_DOWN</autogen>
<autogen>--KeyToConsumer-- KeyCode::F2,  ModifierFlag::FN, ConsumerKeyCode::BRIGHTNESS_UP</autogen>
<autogen>--KeyToKey--      KeyCode::F3,  ModifierFlag::FN, KeyCode::EXPOSE_ALL</autogen>
<autogen>--KeyToKey--      KeyCode::F4,  ModifierFlag::FN, KeyCode::DASHBOARD</autogen>
<autogen>--KeyToConsumer-- KeyCode::F7,  ModifierFlag::FN, ConsumerKeyCode::MUSIC_PREV</autogen>
<autogen>--KeyToConsumer-- KeyCode::F8,  ModifierFlag::FN, ConsumerKeyCode::MUSIC_PLAY</autogen>
<autogen>--KeyToConsumer-- KeyCode::F9,  ModifierFlag::FN, ConsumerKeyCode::MUSIC_NEXT</autogen>
<autogen>--KeyToConsumer-- KeyCode::F10, ModifierFlag::FN, ConsumerKeyCode::VOLUME_MUTE</autogen>
<autogen>--KeyToConsumer-- KeyCode::F11, ModifierFlag::FN, ConsumerKeyCode::VOLUME_DOWN</autogen>
<autogen>--KeyToConsumer-- KeyCode::F12, ModifierFlag::FN, ConsumerKeyCode::VOLUME_UP</autogen>
