<!-- Simultaneous Vi Mode                                            -->
<!-- Author: aristidesfl@gmail.com (main), tekezo@pqrs.org (initial) -->
<item>
  <name>Simultaneous Vi Mode</name>
  <list>
    <item>
      <name>What's Simultaneous Vi Mode?</name>
      <appendix>Push S and D keys simultaneously and keep them pressing.</appendix>
      <appendix>Then you can use Vi style navigation by HJKL.</appendix>
      <appendix>- HJKL to Left/Down/Up/Right</appendix>
      <identifier vk_config="true">notsave.simultaneouskeypresses_vimode</identifier>
      <autogen>--ShowStatusMessage-- Vi Mode</autogen>
      <block>
        <config_only>option.pointing_relative_to_scroll_vi_mode</config_only>
        <autogen>--PointingRelativeToScroll-- PointingButton::NONE</autogen>
      </block>
      <block>
        <config_only>option.simultaneouskeypresses_vimode_e_to_history</config_only>
        <autogen>--KeyOverlaidModifier-- KeyCode::E, KeyCode::VK_MODIFIER_EXTRA4, KeyCode::H, ModifierFlag::COMMAND_L | ModifierFlag::OPTION_L</autogen>
        <autogen>--KeyToKey-- KeyCode::J, ModifierFlag::EXTRA4, KeyCode::CURSOR_LEFT, ModifierFlag::CONTROL_L | ModifierFlag::OPTION_L | ModifierFlag::COMMAND_L</autogen>
        <autogen>--KeyToKey-- KeyCode::L, ModifierFlag::EXTRA4, KeyCode::CURSOR_RIGHT, ModifierFlag::CONTROL_L | ModifierFlag::OPTION_L | ModifierFlag::COMMAND_L</autogen>
        <autogen>--KeyToKey-- KeyCode::I, ModifierFlag::EXTRA4, KeyCode::Z, ModifierFlag::CONTROL_L | ModifierFlag::COMMAND_L</autogen>
        <autogen>--KeyToKey-- KeyCode::U, ModifierFlag::EXTRA4, KeyCode::Z, ModifierFlag::COMMAND_L</autogen>
        <autogen>--KeyToKey-- KeyCode::O, ModifierFlag::EXTRA4, KeyCode::Z, ModifierFlag::SHIFT_L | ModifierFlag::COMMAND_L</autogen>
      </block>
      <block>
        <config_only>option.simultaneouskeypresses_vimode_g_to_history</config_only>
        <autogen>--KeyOverlaidModifier-- KeyCode::G, KeyCode::VK_MODIFIER_EXTRA5, KeyCode::H, ModifierFlag::COMMAND_L | ModifierFlag::OPTION_L</autogen>
        <autogen>--KeyToKey-- KeyCode::J, ModifierFlag::EXTRA5, KeyCode::CURSOR_LEFT, ModifierFlag::CONTROL_L | ModifierFlag::OPTION_L | ModifierFlag::COMMAND_L</autogen>
        <autogen>--KeyToKey-- KeyCode::L, ModifierFlag::EXTRA5, KeyCode::CURSOR_RIGHT, ModifierFlag::CONTROL_L | ModifierFlag::OPTION_L | ModifierFlag::COMMAND_L</autogen>
        <autogen>--KeyToKey-- KeyCode::I, ModifierFlag::EXTRA5, KeyCode::Z, ModifierFlag::CONTROL_L | ModifierFlag::COMMAND_L</autogen>
        <autogen>--KeyToKey-- KeyCode::U, ModifierFlag::EXTRA5, KeyCode::Z, ModifierFlag::COMMAND_L</autogen>
        <autogen>--KeyToKey-- KeyCode::O, ModifierFlag::EXTRA5, KeyCode::Z, ModifierFlag::SHIFT_L | ModifierFlag::COMMAND_L</autogen>
      </block>
      <block>
        <autogen>--KeyOverlaidModifierWithRepeat-- KeyCode::U, KeyCode::VK_MODIFIER_EXTRA5, KeyCode::DELETE</autogen>
        <autogen>--KeyToKey-- KeyCode::L, ModifierFlag::EXTRA5, KeyCode::FORWARD_DELETE</autogen>
        <config_only>option.simultaneouskeypresses_vimode_u_to_delete</config_only>
      </block>
      <block>
        <autogen>--KeyOverlaidModifierWithRepeat-- KeyCode::O, KeyCode::VK_MODIFIER_EXTRA5, KeyCode::SPACE</autogen>
        <autogen>--KeyToKey-- KeyCode::J, ModifierFlag::EXTRA5, KeyCode::SPACE, KeyCode::CURSOR_LEFT</autogen>
        <config_only>option.simultaneouskeypresses_vimode_o_to_space</config_only>
      </block>
      <block>
        <autogen>--KeyOverlaidModifier-- KeyCode::D, KeyCode::OPTION_L, KeyCode::C, ModifierFlag::COMMAND_L</autogen>
        <config_only>option.simultaneouskeypresses_vimode_d_to_option</config_only>
      </block>
      <block>
        <config_only>option.simultaneouskeypresses_vimode_launchbar_l_to_cmd_right</config_only>
        <only>LAUNCHBAR</only>
        <autogen>--KeyToKey-- KeyCode::L, KeyCode::CURSOR_RIGHT, ModifierFlag::COMMAND_L</autogen>
      </block>
      <block>
        <autogen>--KeyOverlaidModifier-- KeyCode::S, KeyCode::CONTROL_L, KeyCode::X, ModifierFlag::COMMAND_L</autogen>
        <config_only>option.simultaneouskeypresses_vimode_s_to_control</config_only>
      </block>
      <block>
        <config_only>option.simultaneouskeypresses_vimode_d_to_deletemode</config_only>
        <autogen>--KeyToKey-- KeyCode::D, KeyCode::VK_MODIFIER_EXTRA1</autogen>
        <block>
          <config_not>option.simultaneouskeypresses_vimode_jkli</config_not>
          <autogen>--KeyToKey-- KeyCode::H,         ModifierFlag::EXTRA1, KeyCode::DELETE</autogen>
          <autogen>--KeyToKey-- KeyCode::L,         ModifierFlag::EXTRA1, KeyCode::FORWARD_DELETE</autogen>
          <autogen>--KeyToKey-- KeyCode::G,         ModifierFlag::EXTRA1, KeyCode::Z, ModifierFlag::COMMAND_L</autogen>
          <autogen>--KeyToKey-- KeyCode::SEMICOLON, ModifierFlag::EXTRA1, KeyCode::Z, ModifierFlag::COMMAND_L | ModifierFlag::SHIFT_L</autogen>
          <autogen>--KeyToKey-- KeyCode::J,         ModifierFlag::EXTRA1, KeyCode::D, ModifierFlag::COMMAND_L</autogen>
          <autogen>--KeyToKey-- KeyCode::K,         ModifierFlag::EXTRA1, KeyCode::Y, ModifierFlag::COMMAND_L</autogen>
        </block>
        <block>
          <config_only>option.simultaneouskeypresses_vimode_jkli</config_only>
          <autogen>--KeyToKey-- KeyCode::J,         ModifierFlag::EXTRA1, KeyCode::DELETE</autogen>
          <autogen>--KeyToKey-- KeyCode::L,         ModifierFlag::EXTRA1, KeyCode::FORWARD_DELETE</autogen>
          <autogen>--KeyToKey-- KeyCode::U,         ModifierFlag::EXTRA1, KeyCode::Z, ModifierFlag::COMMAND_L</autogen>
          <autogen>--KeyToKey-- KeyCode::O,         ModifierFlag::EXTRA1, KeyCode::Z, ModifierFlag::COMMAND_L | ModifierFlag::SHIFT_L </autogen>
          <autogen>--KeyToKey-- KeyCode::K,         ModifierFlag::EXTRA1, KeyCode::D, ModifierFlag::COMMAND_L</autogen>
          <autogen>--KeyToKey-- KeyCode::I,         ModifierFlag::EXTRA1, KeyCode::Y, ModifierFlag::COMMAND_L</autogen>
        </block>
      </block>
      <block>
        <config_only>option.simultaneouskeypresses_vimode_x_to_deletemode</config_only>
        <autogen>--KeyToKey-- KeyCode::X, KeyCode::VK_MODIFIER_EXTRA1</autogen>
        <block>
          <config_not>option.simultaneouskeypresses_vimode_jkli</config_not>
          <autogen>--KeyToKey-- KeyCode::H,         ModifierFlag::EXTRA1, KeyCode::DELETE</autogen>
          <autogen>--KeyToKey-- KeyCode::L,         ModifierFlag::EXTRA1, KeyCode::FORWARD_DELETE</autogen>
          <autogen>--KeyToKey-- KeyCode::G,         ModifierFlag::EXTRA1, KeyCode::Z, ModifierFlag::COMMAND_L</autogen>
          <autogen>--KeyToKey-- KeyCode::SEMICOLON, ModifierFlag::EXTRA1, KeyCode::Z, ModifierFlag::COMMAND_L | ModifierFlag::SHIFT_L</autogen>
          <autogen>--KeyToKey-- KeyCode::K,         ModifierFlag::EXTRA1, KeyCode::D, ModifierFlag::COMMAND_L</autogen>
          <autogen>--KeyToKey-- KeyCode::J,         ModifierFlag::EXTRA1, KeyCode::Y, ModifierFlag::COMMAND_L</autogen>
        </block>
        <block>
          <config_only>option.simultaneouskeypresses_vimode_jkli</config_only>
          <autogen>--KeyToKey-- KeyCode::J,         ModifierFlag::EXTRA1, KeyCode::DELETE</autogen>
          <autogen>--KeyToKey-- KeyCode::L,         ModifierFlag::EXTRA1, KeyCode::FORWARD_DELETE</autogen>
          <autogen>--KeyToKey-- KeyCode::H,         ModifierFlag::EXTRA1, KeyCode::Z, ModifierFlag::COMMAND_L</autogen>
          <autogen>--KeyToKey-- KeyCode::SEMICOLON, ModifierFlag::EXTRA1, KeyCode::Z, ModifierFlag::COMMAND_L | ModifierFlag::SHIFT_L </autogen>
          <autogen>--KeyToKey-- KeyCode::I,         ModifierFlag::EXTRA1, KeyCode::D, ModifierFlag::COMMAND_L</autogen>
          <autogen>--KeyToKey-- KeyCode::K,         ModifierFlag::EXTRA1, KeyCode::Y, ModifierFlag::COMMAND_L</autogen>
        </block>
      </block>
      <block>
        <config_only>option.simultaneouskeypresses_vimode_f_to_deletemode</config_only>
        <autogen>--KeyToKey-- KeyCode::F, KeyCode::VK_MODIFIER_EXTRA1</autogen>
        <block>
          <config_not>option.simultaneouskeypresses_vimode_jkli</config_not>
          <autogen>--KeyToKey-- KeyCode::H, ModifierFlag::EXTRA1, KeyCode::DELETE</autogen>
          <autogen>--KeyToKey-- KeyCode::L, ModifierFlag::EXTRA1, KeyCode::FORWARD_DELETE</autogen>
          <autogen>--KeyToKey-- KeyCode::G, ModifierFlag::EXTRA1, KeyCode::Z, ModifierFlag::COMMAND_L</autogen>
          <autogen>--KeyToKey-- KeyCode::SEMICOLON, ModifierFlag::EXTRA1, KeyCode::Z, ModifierFlag::COMMAND_L | ModifierFlag::SHIFT_L</autogen>
          <autogen>--KeyToKey-- KeyCode::K, ModifierFlag::EXTRA1, KeyCode::D, ModifierFlag::COMMAND_L</autogen>
          <autogen>--KeyToKey-- KeyCode::J, ModifierFlag::EXTRA1, KeyCode::Y, ModifierFlag::COMMAND_L</autogen>
        </block>
        <block>
          <config_only>option.simultaneouskeypresses_vimode_jkli</config_only>
          <autogen>--KeyToKey-- KeyCode::J, ModifierFlag::EXTRA1, KeyCode::DELETE</autogen>
          <autogen>--KeyToKey-- KeyCode::L, ModifierFlag::EXTRA1, KeyCode::FORWARD_DELETE</autogen>
          <autogen>--KeyToKey-- KeyCode::U, ModifierFlag::EXTRA1, KeyCode::Z, ModifierFlag::COMMAND_L</autogen>
          <autogen>--KeyToKey-- KeyCode::O, ModifierFlag::EXTRA1, KeyCode::Z, ModifierFlag::COMMAND_L | ModifierFlag::SHIFT_L</autogen>
          <autogen>--KeyToKey-- KeyCode::K, ModifierFlag::EXTRA1, KeyCode::D, ModifierFlag::COMMAND_L</autogen>
          <autogen>--KeyToKey-- KeyCode::I, ModifierFlag::EXTRA1, KeyCode::Y, ModifierFlag::COMMAND_L</autogen>
        </block>
      </block>
      <block>
        <config_only>option.simultaneouskeypresses_vimode_tab_to_managemode</config_only>
        <autogen>--KeyOverlaidModifier-- KeyCode::TAB, KeyCode::COMMAND_L, ModifierFlag::EXTRA2, KeyCode::TAB, ModifierFlag::OPTION_L, KeyCode::SHIFT_L</autogen>
        <block>
          <config_not>option.simultaneouskeypresses_vimode_jkli</config_not>
          <autogen>--KeyToKey-- KeyCode::H, ModifierFlag::EXTRA2, KeyCode::TAB, ModifierFlag::SHIFT_L</autogen>
          <autogen>--KeyToKey-- KeyCode::L, ModifierFlag::EXTRA2, KeyCode::TAB</autogen>
          <autogen>--KeyToKey-- KeyCode::K, ModifierFlag::EXTRA2, KeyCode::BACKQUOTE</autogen>
          <autogen>--KeyToKey-- KeyCode::J, ModifierFlag::EXTRA2, KeyCode::BACKQUOTE, ModifierFlag::SHIFT_L</autogen>
        </block>
        <block>
          <config_only>option.simultaneouskeypresses_vimode_jkli</config_only>
          <autogen>--KeyToKey-- KeyCode::J, ModifierFlag::EXTRA2, KeyCode::TAB, ModifierFlag::SHIFT_L</autogen>
          <autogen>--KeyToKey-- KeyCode::L, ModifierFlag::EXTRA2, KeyCode::TAB</autogen>
          <autogen>--KeyToKey-- KeyCode::K, ModifierFlag::EXTRA2, KeyCode::BACKQUOTE</autogen>
          <autogen>--KeyToKey-- KeyCode::I, ModifierFlag::EXTRA2, KeyCode::BACKQUOTE, ModifierFlag::SHIFT_L</autogen>
        </block>
      </block>
      <block>
        <config_only>option.simultaneouskeypresses_vimode_q_to_managemode</config_only>
        <autogen>--KeyOverlaidModifier-- KeyCode::Q, KeyCode::COMMAND_L, ModifierFlag::EXTRA2, KeyCode::TAB, ModifierFlag::COMMAND_L, KeyCode::RETURN, ModifierFlag::COMMAND_L</autogen>
        <block>
          <config_not>option.simultaneouskeypresses_vimode_jkli</config_not>
          <autogen>--KeyToKey-- KeyCode::H, ModifierFlag::EXTRA2, KeyCode::TAB, ModifierFlag::SHIFT_L</autogen>
          <autogen>--KeyToKey-- KeyCode::L, ModifierFlag::EXTRA2, KeyCode::TAB</autogen>
          <autogen>--KeyToKey-- KeyCode::K, ModifierFlag::EXTRA2, KeyCode::Q</autogen>
        </block>
        <block>
          <config_only>option.simultaneouskeypresses_vimode_jkli</config_only>
          <autogen>--KeyToKey-- KeyCode::J, ModifierFlag::EXTRA2, KeyCode::TAB, ModifierFlag::SHIFT_L</autogen>
          <autogen>--KeyToKey-- KeyCode::L, ModifierFlag::EXTRA2, KeyCode::TAB</autogen>
          <autogen>--KeyToKey-- KeyCode::K, ModifierFlag::EXTRA2, KeyCode::Q</autogen>
        </block>
      </block>
      <block>
        <config_not>option.simultaneouskeypresses_vimode_jkli</config_not>
        <autogen>--KeyToKey-- KeyCode::H, KeyCode::CURSOR_LEFT</autogen>
        <autogen>--KeyToKey-- KeyCode::J, KeyCode::CURSOR_DOWN</autogen>
        <autogen>--KeyToKey-- KeyCode::K, KeyCode::CURSOR_UP</autogen>
        <autogen>--KeyToKey-- KeyCode::L, KeyCode::CURSOR_RIGHT</autogen>
      </block>
      <block>
        <config_only>option.simultaneouskeypresses_vimode_jkli</config_only>
        <autogen>--KeyToKey-- KeyCode::J, KeyCode::CURSOR_LEFT</autogen>
        <autogen>--KeyToKey-- KeyCode::K, KeyCode::CURSOR_DOWN</autogen>
        <autogen>--KeyToKey-- KeyCode::I, KeyCode::CURSOR_UP</autogen>
        <autogen>--KeyToKey-- KeyCode::L, KeyCode::CURSOR_RIGHT</autogen>
      </block>
      <block>
        <config_only>option.simultaneouskeypresses_vimode_f_to_fn</config_only>
        <autogen>--KeyToKey-- KeyCode::F, KeyCode::FN</autogen>
      </block>
      <block>
        <config_only>option.simultaneouskeypresses_vimode_g_to_option</config_only>
        <autogen>--KeyToKey-- KeyCode::G, KeyCode::OPTION_L</autogen>
      </block>
      <block>
        <config_only>option.simultaneouskeypresses_vimode_mouseclick</config_only>
        <autogen>--KeyToPointingButton-- KeyCode::U, PointingButton::LEFT</autogen>
        <autogen>--KeyToPointingButton-- KeyCode::I, PointingButton::MIDDLE</autogen>
        <autogen>--KeyToPointingButton-- KeyCode::O, PointingButton::RIGHT</autogen>
      </block>
      <block>
        <config_only>option.simultaneouskeypresses_vimode_uk_to_shift_l</config_only>
        <autogen>--KeyToKey-- KeyCode::UK_SECTION, KeyCode::SHIFT_L</autogen>
      </block>
      <block>
        <config_only>option.simultaneouskeypresses_vimode_xcv</config_only>
        <autogen>--KeyToKey-- KeyCode::Y, KeyCode::X, ModifierFlag::COMMAND_L</autogen>
        <autogen>--KeyToKey-- KeyCode::U, KeyCode::C, ModifierFlag::COMMAND_L</autogen>
        <autogen>--KeyToKey-- KeyCode::O, KeyCode::V, ModifierFlag::COMMAND_L</autogen>
      </block>
      <block>
        <config_only>option.simultaneouskeypresses_vimode_h_to_esc</config_only>
        <autogen>--KeyToKey-- KeyCode::H, KeyCode::ESCAPE</autogen>
      </block>
      <block>
        <config_only>option.simultaneouskeypresses_vimode_y_to_esc</config_only>
        <autogen>--KeyToKey-- KeyCode::Y, KeyCode::ESCAPE</autogen>
      </block>
      <block>
        <config_only>option.simultaneouskeypresses_vimode_s_to_shift</config_only>
        <autogen>--KeyToKey-- KeyCode::S, KeyCode::SHIFT_L</autogen>
      </block>
      <block>
        <config_only>option.simultaneouskeypresses_vimode_f_to_leftclick</config_only>
        <autogen>--KeyToPointingButton-- KeyCode::F, PointingButton::LEFT</autogen>
      </block>
      <block>
        <config_only>option.simultaneouskeypresses_vimode_yp_to_undoredo</config_only>
        <autogen>--KeyToKey-- KeyCode::Y, KeyCode::Z, ModifierFlag::COMMAND_L</autogen>
        <autogen>--KeyToKey-- KeyCode::P, KeyCode::Z, ModifierFlag::COMMAND_L | ModifierFlag::SHIFT_L</autogen>
      </block>
      <block>
        <config_only>option.simultaneouskeypresses_vimode_hquote_to_undoredo</config_only>
        <autogen>--KeyToKey-- KeyCode::H, KeyCode::Z, ModifierFlag::COMMAND_L</autogen>
        <autogen>--KeyToKey-- KeyCode::QUOTE, KeyCode::Z, ModifierFlag::COMMAND_L | ModifierFlag::SHIFT_L</autogen>
      </block>
      <block>
        <config_only>option.simultaneouskeypresses_vimode_uo_to_backspacedelete</config_only>
        <autogen>--KeyToKey-- KeyCode::U, ModifierFlag::CONTROL_L, KeyCode::Z, ModifierFlag::COMMAND_L</autogen>
        <autogen>--KeyToKey-- KeyCode::O, ModifierFlag::CONTROL_L, KeyCode::Z, ModifierFlag::COMMAND_L | ModifierFlag::SHIFT_L</autogen>
        <autogen>--KeyToKey-- KeyCode::U, KeyCode::DELETE</autogen>
        <autogen>--KeyToKey-- KeyCode::O, KeyCode::FORWARD_DELETE</autogen>
      </block>
      <block>
        <config_only>option.simultaneouskeypresses_vimode_uo_to_tab</config_only>
        <autogen>--KeyToKey-- KeyCode::U, KeyCode::TAB, ModifierFlag::SHIFT_L</autogen>
        <autogen>--KeyToKey-- KeyCode::O, KeyCode::TAB</autogen>
      </block>
      <block>
        <config_only>option.simultaneouskeypresses_vimode_tab_to_commandtab</config_only>
        <autogen>--KeyToKey-- KeyCode::TAB, ModifierFlag::SHIFT_L, KeyCode::TAB, ModifierFlag::COMMAND_L | ModifierFlag::SHIFT_L</autogen>
        <autogen>--KeyToKey-- KeyCode::TAB, KeyCode::TAB, ModifierFlag::COMMAND_L</autogen>
      </block>
      <block>
        <config_only>option.simultaneouskeypresses_vimode_uo_to_commandtab</config_only>
        <autogen>--KeyToKey-- KeyCode::U, KeyCode::TAB, ModifierFlag::COMMAND_L | ModifierFlag::SHIFT_L</autogen>
        <autogen>--KeyToKey-- KeyCode::O, KeyCode::TAB, ModifierFlag::COMMAND_L</autogen>
      </block>
      <block>
        <config_only>option.simultaneouskeypresses_vimode_hsemicolon_to_optionleftright</config_only>
        <autogen>--KeyToKey-- KeyCode::H, KeyCode::CURSOR_LEFT, ModifierFlag::OPTION_L</autogen>
        <autogen>--KeyToKey-- KeyCode::SEMICOLON, KeyCode::CURSOR_RIGHT, ModifierFlag::OPTION_L</autogen>
      </block>
      <block>
        <config_only>option.simultaneouskeypresses_vimode_quote_to_return</config_only>
        <autogen>--KeyToKey-- KeyCode::QUOTE, KeyCode::RETURN</autogen>
      </block>
      <block>
        <config_only>option.simultaneouskeypresses_vimode_return</config_only>
        <autogen>--KeyToKey-- KeyCode::SEMICOLON, ModifierFlag::SHIFT_L, KeyCode::SEMICOLON, ModifierFlag::SHIFT_L</autogen>
        <autogen>--KeyToKey-- KeyCode::SEMICOLON, KeyCode::RETURN</autogen>
      </block>
      <block>
        <config_only>option.simultaneouskeypresses_vimode_g_to_esc</config_only>
        <autogen>--KeyToKey-- KeyCode::G, KeyCode::ESCAPE</autogen>
      </block>
      <block>
        <config_only>option.simultaneouskeypresses_vimode_a_to_option</config_only>
        <autogen>--KeyToKey-- KeyCode::A, KeyCode::OPTION_L</autogen>
      </block>
      <block>
        <autogen>--KeyToKey-- KeyCode::D, KeyCode::SHIFT_L</autogen>
        <config_only>option.simultaneouskeypresses_vimode_d_to_shift</config_only>
      </block>
      <block>
        <autogen>--KeyToKey-- KeyCode::D, KeyCode::D, ModifierFlag::COMMAND_L</autogen>
        <config_only>option.simultaneouskeypresses_vimode_d_to_command_d</config_only>
      </block>
      <block>
        <autogen>--KeyToKey-- KeyCode::E, KeyCode::Y, ModifierFlag::COMMAND_L</autogen>
        <config_only>option.simultaneouskeypresses_vimode_e_to_command_y</config_only>
      </block>
      <block>
        <autogen>--KeyToKey-- KeyCode::Y, KeyCode::Y, ModifierFlag::COMMAND_L</autogen>
        <config_only>option.simultaneouskeypresses_vimode_y_to_command_y</config_only>
      </block>
      <block>
        <autogen>--KeyToKey-- KeyCode::S, KeyCode::COMMAND_L</autogen>
        <config_only>option.simultaneouskeypresses_vimode_s_to_command</config_only>
      </block>
      <block>
        <autogen>--KeyToKey-- KeyCode::S, KeyCode::OPTION_L</autogen>
        <config_only>option.simultaneouskeypresses_vimode_s_to_option</config_only>
      </block>
      <block>
        <autogen>--KeyToKey-- KeyCode::D, KeyCode::COMMAND_L</autogen>
        <config_only>option.simultaneouskeypresses_vimode_d_to_command</config_only>
      </block>
      <block>
        <autogen>--KeyToKey-- KeyCode::A, KeyCode::SHIFT_L</autogen>
        <config_only>option.simultaneouskeypresses_vimode_a_to_shift</config_only>
      </block>
      <block>
        <autogen>--KeyOverlaidModifier-- KeyCode::A, KeyCode::SHIFT_L, KeyCode::S, ModifierFlag::CONTROL_L</autogen>
        <config_only>option.simultaneouskeypresses_vimode_a_to_shift_select</config_only>
      </block>
      <block>
        <config_only>option.simultaneouskeypresses_vimode_f_to_command</config_only>
        <autogen>--KeyOverlaidModifier-- KeyCode::F, KeyCode::COMMAND_L, ModifierFlag::EXTRA3, KeyCode::V, ModifierFlag::COMMAND_L</autogen>
      </block>
      <block>
        <autogen>--KeyToKey-- KeyCode::F, KeyCode::SHIFT_L</autogen>
        <config_only>option.simultaneouskeypresses_vimode_f_to_shift</config_only>
      </block>
      <block>
        <autogen>--KeyToKey-- KeyCode::F, KeyCode::OPTION_L</autogen>
        <config_only>option.simultaneouskeypresses_vimode_f_to_option</config_only>
      </block>
      <block>
        <autogen>--KeyToKey-- KeyCode::G, KeyCode::COMMAND_L</autogen>
        <config_only>option.simultaneouskeypresses_vimode_g_to_command</config_only>
      </block>
      <block>
        <autogen>--KeyToKey-- KeyCode::S, KeyCode::S, ModifierFlag::CONTROL_L</autogen>
        <config_only>option.simultaneouskeypresses_vimode_s_to_control_s</config_only>
      </block>
      <block>
        <autogen>--KeyToKey-- KeyCode::SLASH, ModifierFlag::SHIFT_L, KeyCode::SLASH, ModifierFlag::SHIFT_L</autogen>
        <autogen>--KeyToKey-- KeyCode::SLASH, KeyCode::SLASH, ModifierFlag::COMMAND_L</autogen>
        <config_only>option.simultaneouskeypresses_vimode_slash_to_command_slash</config_only>
      </block>
      <block>
        <autogen>--KeyToKey-- KeyCode::Q, KeyCode::Q, ModifierFlag::COMMAND_L</autogen>
        <config_only>option.simultaneouskeypresses_vimode_q_to_command_q</config_only>
      </block>
      <block>
        <autogen>--KeyToKey-- KeyCode::W, KeyCode::S, ModifierFlag::CONTROL_L</autogen>
        <config_only>option.simultaneouskeypresses_vimode_w_to_control_s</config_only>
      </block>
      <block>
        <autogen>--KeyToKey-- KeyCode::R, KeyCode::T, ModifierFlag::COMMAND_L | ModifierFlag::OPTION_L</autogen>
        <config_only>option.simultaneouskeypresses_vimode_r_to_command_option_t</config_only>
      </block>
      <block>
        <autogen>--KeyToKey-- KeyCode::W, KeyCode::X, ModifierFlag::COMMAND_L</autogen>
        <config_only>option.simultaneouskeypresses_vimode_w_to_command_x</config_only>
      </block>
      <block>
        <autogen>--KeyToKey-- KeyCode::E, KeyCode::C, ModifierFlag::COMMAND_L</autogen>
        <config_only>option.simultaneouskeypresses_vimode_e_to_command_c</config_only>
      </block>
      <block>
        <autogen>--KeyToKey-- KeyCode::R, KeyCode::V, ModifierFlag::COMMAND_L</autogen>
        <config_only>option.simultaneouskeypresses_vimode_r_to_command_v</config_only>
      </block>
      <block>
        <autogen>--KeyToKey-- KeyCode::T, KeyCode::T, ModifierFlag::COMMAND_L | ModifierFlag::OPTION_L</autogen>
        <config_only>option.simultaneouskeypresses_vimode_t_to_command_option_t</config_only>
      </block>
      <block>
        <autogen>--KeyToKey-- KeyCode::G, KeyCode::S, ModifierFlag::CONTROL_L </autogen>
        <config_only>option.simultaneouskeypresses_vimode_g_to_control_s</config_only>
      </block>
      <block>
        <autogen>--KeyToKey-- KeyCode::T, KeyCode::D, ModifierFlag::COMMAND_L</autogen>
        <config_only>option.simultaneouskeypresses_vimode_t_to_command_d</config_only>
      </block>
      <block>
        <autogen>--KeyToKey-- KeyCode::G, KeyCode::T, ModifierFlag::COMMAND_L | ModifierFlag::OPTION_L</autogen>
        <config_only>option.simultaneouskeypresses_vimode_g_to_command_option_t</config_only>
      </block>
      <block>
        <autogen>--KeyToKey-- KeyCode::S, KeyCode::S, ModifierFlag::SHIFT_L | ModifierFlag::CONTROL_L  </autogen>
        <config_only>option.simultaneouskeypresses_vimode_s_to_shift_control_s</config_only>
      </block>
      <block>
        <autogen>--KeyToKey-- KeyCode::S, KeyCode::D, ModifierFlag::COMMAND_L</autogen>
        <config_only>option.simultaneouskeypresses_vimode_s_to_command_d</config_only>
      </block>
      <block>
        <autogen>--KeyToKey-- KeyCode::P, KeyCode::ESCAPE</autogen>
        <config_only>option.simultaneouskeypresses_vimode_p_to_esc</config_only>
      </block>
      <block>
        <autogen>--KeyToKey-- KeyCode::BACKQUOTE, KeyCode::SPACE, ModifierFlag::COMMAND_L</autogen>
        <config_only>option.simultaneouskeypresses_vimode_backquote_to_command_space</config_only>
      </block>
      <block>
        <autogen>--KeyToKey-- KeyCode::W, KeyCode::W, ModifierFlag::COMMAND_L</autogen>
        <config_only>option.simultaneouskeypresses_vimode_w_to_cmd_w</config_only>
      </block>
      <block>
        <autogen>--KeyToKey-- KeyCode::Y, KeyCode::BACKQUOTE, ModifierFlag::COMMAND_L | ModifierFlag::OPTION_L | ModifierFlag::CONTROL_L</autogen>
        <autogen>--KeyToKey-- KeyCode::BRACKET_LEFT, KeyCode::EQUAL, ModifierFlag::COMMAND_L | ModifierFlag::OPTION_L | ModifierFlag::CONTROL_L</autogen>
        <config_only>option.simultaneouskeypresses_vimode_y_to_menubar</config_only>
      </block>
      <block>
        <autogen>--KeyToKey-- KeyCode::UK_SECTION, KeyCode::BACKQUOTE, ModifierFlag::COMMAND_L | ModifierFlag::OPTION_L | ModifierFlag::CONTROL_L</autogen>
        <autogen>--KeyToKey-- KeyCode::EQUAL, KeyCode::EQUAL, ModifierFlag::COMMAND_L | ModifierFlag::OPTION_L | ModifierFlag::CONTROL_L</autogen>
        <config_only>option.simultaneouskeypresses_vimode_backquote_to_menubar</config_only>
      </block>
      <block>
        <autogen>--KeyToKey-- KeyCode::BRACKET_LEFT, KeyCode::SPACE, ModifierFlag::COMMAND_L</autogen>
        <config_only>option.simultaneouskeypresses_vimode_bracketleft_to_cmdspace</config_only>
      </block>
      <block>
        <autogen>--KeyToKey-- KeyCode::Z, KeyCode::Z, ModifierFlag::COMMAND_L</autogen>
        <autogen>--KeyToKey-- KeyCode::X, KeyCode::X, ModifierFlag::COMMAND_L</autogen>
        <autogen>--KeyToKey-- KeyCode::C, KeyCode::C, ModifierFlag::COMMAND_L</autogen>
        <autogen>--KeyToKey-- KeyCode::V, KeyCode::V, ModifierFlag::COMMAND_L</autogen>
        <config_only>option.simultaneouskeypresses_vimode_zxcv_to_command_zxcv</config_only>
      </block>
      <block>
        <autogen>--KeyToKey-- KeyCode::E, KeyCode::E, ModifierFlag::COMMAND_L</autogen>
        <config_only>option.simultaneouskeypresses_vimode_e_to_command_e</config_only>
      </block>
      <block>
        <autogen>--KeyToKey-- KeyCode::R, KeyCode::R, ModifierFlag::COMMAND_L</autogen>
        <config_only>option.simultaneouskeypresses_vimode_r_to_command_r</config_only>
      </block>
      <block>
        <autogen>--KeyToKey-- KeyCode::T, KeyCode::T, ModifierFlag::COMMAND_L</autogen>
        <config_only>option.simultaneouskeypresses_vimode_t_to_command_t</config_only>
      </block>
      <block>
        <autogen>--KeyToKey-- KeyCode::G, KeyCode::F, ModifierFlag::COMMAND_L</autogen>
        <config_only>option.simultaneouskeypresses_vimode_g_to_command_f</config_only>
      </block>
      <block>
        <autogen>--KeyToKey-- KeyCode::G, KeyCode::G, ModifierFlag::COMMAND_L</autogen>
        <config_only>option.simultaneouskeypresses_vimode_g_to_command_g</config_only>
      </block>
      <block>
        <autogen>--KeyToKey-- KeyCode::E, KeyCode::F, ModifierFlag::COMMAND_L</autogen>
        <config_only>option.simultaneouskeypresses_vimode_e_to_command_f</config_only>
      </block>
      <block>
        <autogen>--KeyToKey-- KeyCode::SEMICOLON, KeyCode::SPACE</autogen>
        <config_only>option.simultaneouskeypresses_vimode_semicolon_to_space</config_only>
      </block>
      <block>
        <autogen>--KeyToKey-- KeyCode::BRACKET_LEFT, KeyCode::ESCAPE</autogen>
        <config_only>option.simultaneouskeypresses_vimode_bracket_to_escape</config_only>
      </block>
      <block>
        <autogen>--KeyToKey-- KeyCode::H, KeyCode::Z, ModifierFlag::COMMAND_L</autogen>
        <config_only>option.simultaneouskeypresses_vimode_h_to_undo</config_only>
      </block>
      <block>
        <autogen>--KeyToKey-- KeyCode::N, KeyCode::Z, ModifierFlag::COMMAND_L | ModifierFlag::SHIFT_L</autogen>
        <config_only>option.simultaneouskeypresses_vimode_n_to_redo</config_only>
      </block>
      <block>
        <autogen>--KeyToKey-- KeyCode::BACKSLASH, ModifierFlag::SHIFT_L, KeyCode::BACKSLASH, ModifierFlag::SHIFT_L</autogen>
        <autogen>--KeyToKey-- KeyCode::BACKSLASH, KeyCode::BACKSLASH, ModifierFlag::COMMAND_L</autogen>
        <config_only>option.simultaneouskeypresses_vimode_backslash</config_only>
      </block>
      <block>
        <autogen>--KeyToKey-- KeyCode::H, KeyCode::SPACE</autogen>
        <config_only>option.simultaneouskeypresses_vimode_h_to_space</config_only>
      </block>
      <block>
        <autogen>--KeyToKey-- KeyCode::QUOTE, ModifierFlag::SHIFT_L, KeyCode::QUOTE, ModifierFlag::SHIFT_L</autogen>
        <autogen>--KeyToKey-- KeyCode::QUOTE, KeyCode::ESCAPE</autogen>
        <config_only>option.simultaneouskeypresses_vimode_quote_to_escape</config_only>
      </block>
      <block>
        <autogen>--KeyToKey-- KeyCode::QUOTE, ModifierFlag::COMMAND_L, KeyCode::TAB, ModifierFlag::COMMAND_L | ModifierFlag::OPTION_L</autogen>
        <autogen>--KeyToKey-- KeyCode::QUOTE, ModifierFlag::OPTION_L, KeyCode::TAB</autogen>
        <autogen>--KeyToKey-- KeyCode::QUOTE, ModifierFlag::SHIFT_L, KeyCode::QUOTE, ModifierFlag::SHIFT_L</autogen>
        <autogen>--KeyToKey-- KeyCode::QUOTE, KeyCode::SPACE</autogen>
        <config_only>option.simultaneouskeypresses_vimode_quote_to_space</config_only>
      </block>
    </item>
    <item>
      <name>Simultaneous Key Presses [S+D] turns on "Simultaneous Vi Mode"</name>
      <identifier>remap.simultaneouskeypresses_vimode_sd</identifier>
      <autogen>--SimultaneousKeyPresses-- KeyCode::D, KeyCode::S, KeyCode::VK_CONFIG_SYNC_KEYDOWNUP_notsave_simultaneouskeypresses_vimode</autogen>
    </item>
    <item>
      <name>Simultaneous Key Presses [Q+W] turns on "Simultaneous Vi Mode"</name>
      <identifier>remap.simultaneouskeypresses_vimode_qw</identifier>
      <autogen>--SimultaneousKeyPresses-- KeyCode::Q, KeyCode::W, KeyCode::VK_CONFIG_SYNC_KEYDOWNUP_notsave_simultaneouskeypresses_vimode</autogen>
    </item>
    <item>
      <name>Simultaneous Key Presses [W+E] turns on "Simultaneous Vi Mode"</name>
      <identifier>remap.simultaneouskeypresses_vimode_we</identifier>
      <autogen>--SimultaneousKeyPresses-- KeyCode::W, KeyCode::E, KeyCode::VK_CONFIG_SYNC_KEYDOWNUP_notsave_simultaneouskeypresses_vimode</autogen>
    </item>
    <item>
      <name>Simultaneous Key Presses [Command_L+Space] turns on "Simultaneous Vi Mode"</name>
      <identifier>remap.simultaneouskeypresses_vimode_commandLspace</identifier>
      <autogen>--SimultaneousKeyPresses-- KeyCode::COMMAND_L, KeyCode::SPACE, KeyCode::VK_CONFIG_SYNC_KEYDOWNUP_notsave_simultaneouskeypresses_vimode</autogen>
    </item>
    <item>
      <name>Single Key Press (`) turns on "Simultaneous Vi Mode"</name>
      <identifier>remap.simultaneouskeypresses_vimode_backquote</identifier>
      <autogen>--KeyToKey-- KeyCode::BACKQUOTE, KeyCode::VK_CONFIG_SYNC_KEYDOWNUP_notsave_simultaneouskeypresses_vimode</autogen>
    </item>
    <item>
      <name>Single Key Press (`) toggles on "Simultaneous Vi Mode"</name>
      <identifier>remap.simultaneouskeypresses_vimode_backquote_toggle</identifier>
      <autogen>--KeyToKey-- KeyCode::BACKQUOTE, KeyCode::VK_CONFIG_TOGGLE_notsave_simultaneouskeypresses_vimode</autogen>
    </item>
    <item>
      <name>Single Key Press Uk Section turns on "Simultaneous Vi Mode"</name>
      <identifier>remap.simultaneouskeypresses_vimode_uksection</identifier>
      <autogen>--KeyToKey-- KeyCode::UK_SECTION, KeyCode::VK_CONFIG_SYNC_KEYDOWNUP_notsave_simultaneouskeypresses_vimode</autogen>
    </item>
    <item>
      <name>Single Key Press Space turns on "Simultaneous Vi Mode"</name>
      <appendix>(+ When you type Space only, send Space) + [KeyRepeat]</appendix>
      <identifier>remap.simultaneouskeypresses_vimode_space</identifier>
      <autogen>--KeyOverlaidModifierWithRepeat-- KeyCode::SPACE, KeyCode::VK_CONFIG_SYNC_KEYDOWNUP_notsave_simultaneouskeypresses_vimode , KeyCode::SPACE</autogen>
    </item>
    <item>
      <name>Single Key Press Space turns on "Simultaneous Vi Mode"</name>
      <appendix>(+ When you type Space only, send Space)</appendix>
      <appendix>Fn+Space to Space</appendix>
      <identifier>remap.simultaneouskeypresses_vimode_space_fn</identifier>
      <autogen>--KeyToKey-- KeyCode::SPACE, ModifierFlag::FN, KeyCode::SPACE</autogen>
      <autogen>--KeyOverlaidModifier-- KeyCode::SPACE, KeyCode::VK_CONFIG_SYNC_KEYDOWNUP_notsave_simultaneouskeypresses_vimode , KeyCode::SPACE</autogen>
    </item>
    <item><name>------------------------------------------------------------</name></item>
    <item>
      <name>[Option] Use JKIL instead of HJKL</name>
      <identifier>option.simultaneouskeypresses_vimode_jkli</identifier>
    </item>
    <item>
      <name>[Option] Scroll with mouse movement while in vi mode</name>
      <identifier>option.pointing_relative_to_scroll_vi_mode</identifier>
    </item>
    <item>
      <name>[Option] Mouse Click Support</name>
      <appendix>- U to LeftClick</appendix>
      <appendix>- I to MiddleClick</appendix>
      <appendix>- O to RightClick</appendix>
      <identifier>option.simultaneouskeypresses_vimode_mouseclick</identifier>
    </item>
    <item>
      <name>[Option] F to FN</name>
      <appendix>(= F+HJKL to Home/PageDown/PageUp/End)</appendix>
      <identifier>option.simultaneouskeypresses_vimode_f_to_fn</identifier>
    </item>
    <item>
      <name>[Option] G to Option_L</name>
      <appendix>(= G+HL to backward-word/forward-word)</appendix>
      <identifier>option.simultaneouskeypresses_vimode_g_to_option</identifier>
    </item>
    <item>
      <name>[Option] D turns on Delete Mode</name>
      <appendix>- D+H to Delete</appendix>
      <appendix>- D+L to Forward Delete</appendix>
      <appendix>- D+G to Command+Z (Undo)</appendix>
      <appendix>- D+; to Command+Shift+Z (Redo)</appendix>
      <appendix>- D+K to Command+Y</appendix>
      <appendix>- D+J to Command+D</appendix>
      <appendix>Use with [Q+W], [W+E] or (`)</appendix>
      <identifier>option.simultaneouskeypresses_vimode_d_to_deletemode</identifier>
    </item>
    <item>
      <name>[Option] X turns on Delete Mode</name>
      <appendix>- X+H to Delete</appendix>
      <appendix>- X+L to Forward Delete</appendix>
      <appendix>- X+G to Command+Z (Undo)</appendix>
      <appendix>- X+; to Command+Shift+Z (Redo)</appendix>
      <appendix>- X+K to Command+Y</appendix>
      <appendix>- X+J to Command+D</appendix>
      <appendix>Use with (`)</appendix>
      <identifier>option.simultaneouskeypresses_vimode_x_to_deletemode</identifier>
    </item>
    <item>
      <name>[Option] F turns on Delete Mode</name>
      <appendix>- F+H to Delete</appendix>
      <appendix>- F+L to Forward Delete</appendix>
      <appendix>- F+G to Command+Z (Undo)</appendix>
      <appendix>- F+; to Command+Shift+Z (Redo)</appendix>
      <appendix>- F+K to Command+Y</appendix>
      <appendix>- F+J to Command+D</appendix>
      <appendix>Use with (Space)</appendix>
      <identifier>option.simultaneouskeypresses_vimode_f_to_deletemode</identifier>
    </item>
    <item>
      <name>[Option] Tab turns on Manage Mode</name>
      <appendix>- Tab+H to Previous App</appendix>
      <appendix>- Tab+L to Next App</appendix>
      <appendix>- Tab+K to Cmd+Backquote (Witch Next Window)</appendix>
      <appendix>- Tab+J to Cmd+Shift+Backquote (Witch Previous Window)</appendix>
      <appendix>- + when you press Tab only, Alt+Tab+Return (Witch Previous Window/App)</appendix>
      <appendix>Use with (Space)</appendix>
      <appendix>(You need a N-Key rollover keyboard.)</appendix>
      <identifier>option.simultaneouskeypresses_vimode_tab_to_managemode</identifier>
    </item>
    <item>
      <name>[Option] Q turns on Manage Mode</name>
      <appendix>- Q+H to Previous App</appendix>
      <appendix>- Q+L to Next App</appendix>
      <appendix>- Q+K to Quit App</appendix>
      <appendix>- + when you press Q only, send Next App</appendix>
      <appendix>Use with (Space)</appendix>
      <identifier>option.simultaneouskeypresses_vimode_q_to_managemode</identifier>
    </item>
    <item>
      <name>[Option] Y, U, O to Command_L + X, C, V</name>
      <appendix>For Cut, Copy, Paste with Y, U, O</appendix>
      <identifier>option.simultaneouskeypresses_vimode_xcv</identifier>
    </item>
    <item>
      <name>[Option] Section(§) to Shift L</name>
      <appendix>This option becomes more convenient by</appendix>
      <appendix>using with "For UK Keyboard users &gt; Section(§) to LeftClick".</appendix>
      <appendix>That changes section key to mouse click.</appendix>
      <appendix>This is also in the place of the Caps Lock.</appendix>
      <appendix>It makes sense then use the mouse click to select text</appendix>
      <appendix>and is also more comfortable when using [Q+W]</appendix>
      <identifier>option.simultaneouskeypresses_vimode_uk_to_shift_l</identifier>
    </item>
    <item>
      <name>[Option] ; to Return</name>
      <identifier>option.simultaneouskeypresses_vimode_return</identifier>
    </item>
    <item>
      <name>[Option] S to Shift_L</name>
      <appendix>Use with [Command_L+Space]</appendix>
      <appendix>// Apple's keyboard has 2-key rollover.</appendix>
      <appendix>// So, we cannot press Q+W+S or W+E+S at the same time.</appendix>
      <appendix>// If you have high-end keyboards, you can use this option with [Q+W] or [W+E]</appendix>
      <identifier>option.simultaneouskeypresses_vimode_s_to_shift</identifier>
    </item>
    <item>
      <name>[Option] H to Esc</name>
      <appendix>(Use with above JKIL option)</appendix>
      <identifier>option.simultaneouskeypresses_vimode_h_to_esc</identifier>
    </item>
    <item>
      <name>[Option] Y to Esc</name>
      <appendix>(Use with above JKIL option)</appendix>
      <identifier>option.simultaneouskeypresses_vimode_y_to_esc</identifier>
    </item>
    <item>
      <name>[Option] F to LeftClick</name>
      <identifier>option.simultaneouskeypresses_vimode_f_to_leftclick</identifier>
    </item>
    <item>
      <name>[Option] U, O to Tab, Shift+Tab</name>
      <identifier>option.simultaneouskeypresses_vimode_uo_to_tab</identifier>
    </item>
    <item>
      <name>[Option] Tab to Command+Tab (Shift+Tab to Command+Shift+Tab)</name>
      <!-- #include "include/lazy_recommendation.xml" -->
      <identifier>option.simultaneouskeypresses_vimode_tab_to_commandtab</identifier>
    </item>
    <item>
      <name>[Option] U, O to Command+Tab, Command+Shift+Tab</name>
      <identifier>option.simultaneouskeypresses_vimode_uo_to_commandtab</identifier>
    </item>
    <item>
      <name>[Option] Y, P to Undo, Redo</name>
      <identifier>option.simultaneouskeypresses_vimode_yp_to_undoredo</identifier>
    </item>
    <item>
      <name>[Option] H,' to Undo, Redo</name>
      <appendix>(Use with above JKIL option)</appendix>
      <identifier>option.simultaneouskeypresses_vimode_hquote_to_undoredo</identifier>
    </item>
    <item>
      <name>[Option] H, ; to Option+Left, Option+Rigth</name>
      <appendix>(Use with above JKIL option)</appendix>
      <identifier>option.simultaneouskeypresses_vimode_hsemicolon_to_optionleftright</identifier>
    </item>
    <item>
      <name>[Option] ' to Return</name>
      <identifier>option.simultaneouskeypresses_vimode_quote_to_return</identifier>
    </item>
    <item>
      <name>[Option] G to Esc</name>
      <identifier>option.simultaneouskeypresses_vimode_g_to_esc</identifier>
    </item>
    <item>
      <name>[Option] A to Option</name>
      <identifier>option.simultaneouskeypresses_vimode_a_to_option</identifier>
    </item>
    <item>
      <name>[Option] D to Shift</name>
      <identifier>option.simultaneouskeypresses_vimode_d_to_shift</identifier>
    </item>
    <item>
      <name>[Option] D to Command+D</name>
      <identifier>option.simultaneouskeypresses_vimode_d_to_command_d</identifier>
    </item>
    <item>
      <name>[Option] E to Command+Y</name>
      <identifier>option.simultaneouskeypresses_vimode_e_to_command_y</identifier>
    </item>
    <item>
      <name>[Option] Y to Command+Y</name>
      <identifier>option.simultaneouskeypresses_vimode_y_to_command_y</identifier>
    </item>
    <item>
      <name>[Option] S to Command</name>
      <identifier>option.simultaneouskeypresses_vimode_s_to_command</identifier>
    </item>
    <item>
      <name>[Option] S to Option</name>
      <identifier>option.simultaneouskeypresses_vimode_s_to_option</identifier>
    </item>
    <item>
      <name>[Option] D to Command</name>
      <identifier>option.simultaneouskeypresses_vimode_d_to_command</identifier>
    </item>
    <item>
      <name>[Option] A to Shift</name>
      <identifier>option.simultaneouskeypresses_vimode_a_to_shift</identifier>
    </item>
    <item>
      <name>[Option] A to Shift</name>
      <appendix>(+ When you press A only send Control+S)</appendix>
      <identifier>option.simultaneouskeypresses_vimode_a_to_shift_select</identifier>
    </item>
    <item>
      <name>[Option] F to Shift</name>
      <identifier>option.simultaneouskeypresses_vimode_f_to_shift</identifier>
    </item>
    <item>
      <name>[Option] S to Control</name>
      <appendix>(+ When you press S only send Command+X)</appendix>
      <appendix>(+ When you press left with S pressed, send spaceback)</appendix>
      <appendix>(+ When you press right with S pressed, send space)</appendix>
      <identifier>option.simultaneouskeypresses_vimode_s_to_control</identifier>
    </item>
    <item>
      <name>[Option] D to Option</name>
      <appendix>(+ When you press D only send Command+C)</appendix>
      <identifier>option.simultaneouskeypresses_vimode_d_to_option</identifier>
    </item>
    <item>
      <name>[Option] F to Command</name>
      <appendix>(+ When you press F only send Command+V)</appendix>
      <identifier>option.simultaneouskeypresses_vimode_f_to_command</identifier>
    </item>
    <item>
      <name>[Option] U/O to Backspace/Delete</name>
      <appendix>(+ When you press Control+U/O send Cmd+Z/Cmd+Shift+Z)</appendix>
      <identifier>option.simultaneouskeypresses_vimode_uo_to_backspacedelete</identifier>
    </item>
    <item>
      <name>[Option] F to Option</name>
      <identifier>option.simultaneouskeypresses_vimode_f_to_option</identifier>
    </item>
    <item>
      <name>[Option] G to Command</name>
      <identifier>option.simultaneouskeypresses_vimode_g_to_command</identifier>
    </item>
    <item>
      <name>[Option] S to Control+S</name>
      <identifier>option.simultaneouskeypresses_vimode_s_to_control_s</identifier>
    </item>
    <item>
      <name>[Option] / to Command+/</name>
      <identifier>option.simultaneouskeypresses_vimode_slash_to_command_slash</identifier>
    </item>
    <item>
      <name>[Option] Q to Command+Q</name>
      <identifier>option.simultaneouskeypresses_vimode_q_to_command_q</identifier>
    </item>
    <item>
      <name>[Option] W to Control+S</name>
      <identifier>option.simultaneouskeypresses_vimode_w_to_control_s</identifier>
    </item>
    <item>
      <name>[Option] R to Command+Option+T</name>
      <identifier>option.simultaneouskeypresses_vimode_r_to_command_option_t</identifier>
    </item>
    <item>
      <name>[Option] W to Command+X</name>
      <identifier>option.simultaneouskeypresses_vimode_w_to_command_x</identifier>
    </item>
    <item>
      <name>[Option] E to Command+C</name>
      <identifier>option.simultaneouskeypresses_vimode_e_to_command_c</identifier>
    </item>
    <item>
      <name>[Option] R to Command+V</name>
      <identifier>option.simultaneouskeypresses_vimode_r_to_command_v</identifier>
    </item>
    <item>
      <name>[Option] T to Command+Option+T</name>
      <identifier>option.simultaneouskeypresses_vimode_t_to_command_option_t</identifier>
    </item>
    <item>
      <name>[Option] G to Control+S</name>
      <identifier>option.simultaneouskeypresses_vimode_g_to_control_s</identifier>
    </item>
    <item>
      <name>[Option] T to Command+D</name>
      <identifier>option.simultaneouskeypresses_vimode_t_to_command_d</identifier>
    </item>
    <item>
      <name>[Option] G to Command+Option+T</name>
      <identifier>option.simultaneouskeypresses_vimode_g_to_command_option_t</identifier>
    </item>
    <item>
      <name>[Option] U to Delete</name>
      <appendix>+ when you keep U pressed and press L(right) it sends Forward_Delete</appendix>
      <identifier>option.simultaneouskeypresses_vimode_u_to_delete</identifier>
    </item>
    <item>
      <name>[Option] O to Space</name>
      <appendix>+ when you keep O pressed and press J(left) it sends Space_Back</appendix>
      <identifier>option.simultaneouskeypresses_vimode_o_to_space</identifier>
    </item>
    <item>
      <name>[Option] S to Control+Shift+S</name>
      <identifier>option.simultaneouskeypresses_vimode_s_to_shift_control_s</identifier>
    </item>
    <item>
      <name>[Option] S to Command+D</name>
      <identifier>option.simultaneouskeypresses_vimode_s_to_command_d</identifier>
    </item>
    <item>
      <name>[Option] P to Esc</name>
      <identifier>option.simultaneouskeypresses_vimode_p_to_esc</identifier>
    </item>
    <item>
      <name>[Option] Backquote to Command+Space (Launchbar,etc..)</name>
      <identifier>option.simultaneouskeypresses_vimode_backquote_to_command_space</identifier>
    </item>
    <item>
      <name>[Option] W to Command+W (Close Window) </name>
      <identifier>option.simultaneouskeypresses_vimode_w_to_cmd_w</identifier>
    </item>
    <item>
      <name>[Option] Y/[ to Command+Option+Control+`/=</name>
      <appendix>(It's useful using these shortcuts to move focus to Menu Bar and Status Menus)</appendix>
      <identifier>option.simultaneouskeypresses_vimode_y_to_menubar</identifier>
    </item>
    <item>
      <name>[Option] §/= to Command+Option+Control+`/=</name>
      <appendix>(It's useful using these shortcuts to move focus to Menu Bar and Status Menus)</appendix>
      <identifier>option.simultaneouskeypresses_vimode_backquote_to_menubar</identifier>
    </item>
    <item>
      <name>[ to Cmd+Space (Launchbar)</name>
      <identifier>option.simultaneouskeypresses_vimode_bracketleft_to_cmdspace</identifier>
    </item>
    <item>
      <name>[Option] ZXCV to Command+ZXCV</name>
      <identifier>option.simultaneouskeypresses_vimode_zxcv_to_command_zxcv</identifier>
    </item>
    <item>
      <name>[Option] E to Command+E</name>
      <identifier>option.simultaneouskeypresses_vimode_e_to_command_e</identifier>
    </item>
    <item>
      <name>[Option] R to Command+R</name>
      <identifier>option.simultaneouskeypresses_vimode_r_to_command_r</identifier>
    </item>
    <item>
      <name>[Option] T to Command+T</name>
      <identifier>option.simultaneouskeypresses_vimode_t_to_command_t</identifier>
    </item>
    <item>
      <name>[Option] G to Command+F</name>
      <identifier>option.simultaneouskeypresses_vimode_g_to_command_f</identifier>
    </item>
    <item>
      <name>[Option] G to Command+G</name>
      <identifier>option.simultaneouskeypresses_vimode_g_to_command_g</identifier>
    </item>
    <item>
      <name>[Option] E to Command+F</name>
      <identifier>option.simultaneouskeypresses_vimode_e_to_command_f</identifier>
    </item>
    <item>
      <name>[Option] Semicolon(;) to Space</name>
      <identifier>option.simultaneouskeypresses_vimode_semicolon_to_space</identifier>
    </item>
    <item>
      <name>[Option] Bracket([) to Escape</name>
      <identifier>option.simultaneouskeypresses_vimode_bracket_to_escape</identifier>
    </item>
    <item>
      <name>[Option] H to Cmd+Z</name>
      <identifier>option.simultaneouskeypresses_vimode_h_to_undo</identifier>
    </item>
    <item>
      <name>[Option] N to Cmd+Shift+Z</name>
      <identifier>option.simultaneouskeypresses_vimode_n_to_redo</identifier>
    </item>
    <item>
      <name>[Option] Backslash to Command+Backslash</name>
      <identifier>option.simultaneouskeypresses_vimode_backslash</identifier>
    </item>
    <item>
      <name>[Option] H to Space</name>
      <appendix>(Use with above JKIL option)</appendix>
      <identifier>option.simultaneouskeypresses_vimode_h_to_space</identifier>
    </item>
    <item>
      <name>[Option] Quote(') to Esc</name>
      <identifier>option.simultaneouskeypresses_vimode_quote_to_escape</identifier>
    </item>
    <item>
      <name>[Option] Quote(') to Space</name>
      <identifier>option.simultaneouskeypresses_vimode_quote_to_space</identifier>
    </item>
    <item>
      <name>[Option] E to History Mode</name>
      <identifier>option.simultaneouskeypresses_vimode_e_to_history</identifier>
    </item>
    <item>
      <name>[Option] G to History Mode</name>
      <identifier>option.simultaneouskeypresses_vimode_g_to_history</identifier>
    </item>
    <item>
      <name>[Option] L to Cmd+Right (Only in Launchbar)</name>
      <identifier>option.simultaneouskeypresses_vimode_launchbar_l_to_cmd_right</identifier>
    </item>
  </list>
</item>
