<?xml version="1.0"?>
<root>
  <item>
    <name>Caps Lock</name>
    <expand>true</expand>
    <item>
      <name>Change Caps Lock</name>
      <enable>enable_capslock</enable>
      <keycode>keycode_capslock</keycode>
    </item>
  </item>

  <item>
    <name>Other Keys</name>
    <item>
      <name>Note:</name>
      <appendix>These items can be useful if any of the following:</appendix>
      <appendix>* If you want to swap Caps Lock and other key.</appendix>
      <appendix>* If you're using Sticky Keys in Universal Access.</appendix>
      <appendix></appendix>
      <appendix>Otherwise, use KeyRemap4MacBook to modify these keys.</appendix>
    </item>
    <item><name>----------------------------------------</name></item>
    <item>
      <name>Change Command_L</name>
      <enable>enable_command_l</enable>
      <keycode>keycode_command_l</keycode>
    </item>
    <item>
      <name>Change Command_R</name>
      <enable>enable_command_r</enable>
      <keycode>keycode_command_r</keycode>
    </item>
    <item>
      <name>Change Control_L</name>
      <enable>enable_control_l</enable>
      <keycode>keycode_control_l</keycode>
    </item>
    <item>
      <name>Change Control_R</name>
      <enable>enable_control_r</enable>
      <keycode>keycode_control_r</keycode>
    </item>
    <!-- fn key is not in _usb_2_adb_keymap -->
    <item>
      <name>Change Option_L</name>
      <enable>enable_option_l</enable>
      <keycode>keycode_option_l</keycode>
    </item>
    <item>
      <name>Change Option_R</name>
      <enable>enable_option_r</enable>
      <keycode>keycode_option_r</keycode>
    </item>
    <item>
      <name>Change Shift_L</name>
      <enable>enable_shift_l</enable>
      <keycode>keycode_shift_l</keycode>
    </item>
    <item>
      <name>Change Shift_R</name>
      <enable>enable_shift_r</enable>
      <keycode>keycode_shift_r</keycode>
    </item>
    <item><name>----------------------------------------</name></item>
    <item>
      <name>Change Escape</name>
      <enable>enable_escape</enable>
      <keycode>keycode_escape</keycode>
    </item>
    <item>
      <name>Change Delete</name>
      <enable>enable_delete</enable>
      <keycode>keycode_delete</keycode>
    </item>
    <item>
      <name>Change Return</name>
      <enable>enable_return</enable>
      <keycode>keycode_return</keycode>
    </item>
    <item>
      <name>Change Keypad Enter</name>
      <enable>enable_enter</enable>
      <keycode>keycode_enter</keycode>
    </item>
  </item>

  <item>
    <name>For Japanese</name>
    <expand>true</expand>
    <item>
      <name>Enable NFER Key on PC keyboard</name>
      <enable>enable_jis_nfer</enable>
      <keycode>keycode_jis_nfer</keycode>
    </item>
    <item>
      <name>Enable XFER Key on PC keyboard</name>
      <enable>enable_jis_xfer</enable>
      <keycode>keycode_jis_xfer</keycode>
    </item>
    <item>
      <name>Enable KATAKANA Key on PC keyboard</name>
      <enable>enable_jis_kana</enable>
      <keycode>keycode_jis_kana</keycode>
    </item>
  </item>
</root>
