<item>
  <name>Samples for KeyRemap4MacBook Developer</name>
  <list>
    <item>
      <name>SetKeyboardType</name>
      <list>
        <item>
          <name>Set keyboardType = KeyboardType::MACBOOK</name>
          <sysctl>remap.samples_setkeyboardtype_macbook</sysctl>
          <autogen>--SetKeyboardType-- KeyboardType::MACBOOK</autogen>
        </item>
        <item>
          <name>Set keyboardType = KeyboardType::MACBOOK_3_1</name>
          <sysctl>remap.samples_setkeyboardtype_macbook_3_1</sysctl>
          <autogen>--SetKeyboardType-- KeyboardType::MACBOOK_3_1</autogen>
        </item>
        <item>
          <name>Set keyboardType = KeyboardType::JIS_MACBOOK_2008</name>
          <sysctl>remap.samples_setkeyboardtype_jis_macbook_2008</sysctl>
          <autogen>--SetKeyboardType-- KeyboardType::JIS_MACBOOK_2008</autogen>
        </item>
      </list>
    </item>
    <item>
      <name>Pass Through Mode</name>
      <list>
        <item>
          <name>Core</name>
          <appendix>Change A to toggle "Pass Through Mode"</appendix>
          <sysctl>passthrough.samples</sysctl>
          <autogen>--KeyToKey-- KeyCode::A, KeyCode::VK_CONFIG_TOGGLE_notsave_passthrough</autogen>
        </item>
        <item>
          <name>Samples</name>
          <appendix>B to C</appendix>
          <appendix>Volume Mute to A</appendix>
          <appendix>RightClick+CursorMove to ScrollWheel</appendix>
          <appendix>Simultaneous Key Presses [D+F] to Escape</appendix>
          <sysctl>remap.samples_passthrough</sysctl>
          <autogen>--ShowStatusMessage-- "Samples"</autogen>
          <autogen>--KeyToKey-- KeyCode::B, KeyCode::C</autogen>
          <autogen>--ConsumerToKey-- ConsumerKeyCode::VOLUME_MUTE, KeyCode::A</autogen>
          <autogen>--PointingRelativeToScroll-- PointingButton::RIGHT</autogen>
          <autogen>--SimultaneousKeyPresses-- KeyCode::F, KeyCode::D, KeyCode::ESCAPE</autogen>
        </item>
      </list>
    </item>

    <item>
      <name>ShowStatusMessage</name>
      <list>
        <item>
          <name>Sample1</name>
          <sysctl>remap.samples_showstatusmessage_sample1</sysctl>
          <autogen>--ShowStatusMessage-- "Sample1"</autogen>
        </item>
        <item>
          <name>Sample2</name>
          <sysctl>remap.samples_showstatusmessage_sample2</sysctl>
          <autogen>--ShowStatusMessage-- "Sample2"</autogen>
        </item>
      </list>
    </item>

    <item>
      <name>KeyToKey</name>
      <list>
        <item>
          <name>Standard</name>
          <appendix>A to B (KeyToKey)</appendix>
          <appendix>S to SHIFT_L (KeyToModifier)</appendix>
          <appendix>SHIFT_L to Return (ModifierToKey)</appendix>
          <appendix>Option_L to Command_L</appendix>
          <sysctl>remap.samples_keytokey_standard</sysctl>
          <autogen>--KeyToKey-- KeyCode::A, KeyCode::B</autogen>
          <autogen>--KeyToKey-- KeyCode::S, KeyCode::SHIFT_L</autogen>
          <autogen>--KeyToKey-- KeyCode::SHIFT_L, KeyCode::RETURN</autogen>
          <autogen>--KeyToKey-- KeyCode::OPTION_L, KeyCode::COMMAND_L</autogen>
        </item>

        <item>
          <name>Key To XXX</name>
          <appendix>A to Shift_L+B (Key to Key+Modifier)</appendix>
          <appendix>B to Command_L+Shift_L (Key to Modifier+Modifier)</appendix>
          <appendix>S to Shift_L+Shift_R</appendix>
          <appendix>Shift+C to Space (Key+Modifier To Key)</appendix>
          <appendix>Shift+D to Option_L (Key+Modifier To Modifier)</appendix>
          <appendix>Shift+E to Control_L+Space (Key+Modifier To Key+Modifier)</appendix>
          <appendix>Shift+F to Option_L+Shift_L (Key+Modifier To Modifier+Modifier)</appendix>
          <appendix>G to CapsLock (To CapsLock)</appendix>
          <appendix>FN+hjkl to Left/Down/Up/Right (Key+FN to Key) (around KeyPad)</appendix>
          <appendix>1 to A (only if no Modifiers)</appendix>
          <appendix>2 to A (only if ModifierFlag == Shift_L)</appendix>
          <sysctl>remap.samples_keytokey_key2xxx</sysctl>
          <autogen>--KeyToKey-- KeyCode::A, KeyCode::B, ModifierFlag::SHIFT_L</autogen>
          <autogen>--KeyToKey-- KeyCode::B, KeyCode::COMMAND_L, ModifierFlag::SHIFT_L</autogen>
          <autogen>--KeyToKey-- KeyCode::S, KeyCode::SHIFT_R, ModifierFlag::SHIFT_L</autogen>
          <autogen>--KeyToKey-- KeyCode::C, VK_SHIFT, KeyCode::SPACE</autogen>
          <autogen>--KeyToKey-- KeyCode::D, VK_SHIFT, KeyCode::OPTION_L</autogen>
          <autogen>--KeyToKey-- KeyCode::E, VK_SHIFT, KeyCode::SPACE, ModifierFlag::CONTROL_L</autogen>
          <autogen>--KeyToKey-- KeyCode::F, VK_SHIFT, KeyCode::SHIFT_L, ModifierFlag::OPTION_L</autogen>
          <autogen>--KeyToKey-- KeyCode::G, KeyCode::CAPSLOCK</autogen>
          <autogen>--KeyToKey-- KeyCode::H, ModifierFlag::FN, KeyCode::CURSOR_LEFT</autogen>
          <autogen>--KeyToKey-- KeyCode::J, ModifierFlag::FN, KeyCode::CURSOR_DOWN</autogen>
          <autogen>--KeyToKey-- KeyCode::K, ModifierFlag::FN, KeyCode::CURSOR_UP</autogen>
          <autogen>--KeyToKey-- KeyCode::L, ModifierFlag::FN, KeyCode::CURSOR_RIGHT</autogen>
          <autogen>--KeyToKey-- KeyCode::KEY_1, ModifierFlag::NONE, KeyCode::A</autogen>
          <autogen>--KeyToKey-- KeyCode::KEY_2, ModifierFlag::SHIFT_L | ModifierFlag::NONE, KeyCode::A</autogen>
        </item>

        <item>
          <name>Modifier To XXX</name>
          <appendix>Shift_R to Command_L+Option_L (Modifier to Modifier+Modifier)</appendix>
          <appendix>FN+Option_L to Command_L (Modifier+Modifier To Modifier)</appendix>
          <sysctl>remap.samples_keytokey_modifier2xxx</sysctl>
          <autogen>--KeyToKey-- KeyCode::SHIFT_R, KeyCode::COMMAND_L, ModifierFlag::OPTION_L</autogen>
          <autogen>--KeyToKey-- KeyCode::OPTION_L, ModifierFlag::FN, KeyCode::COMMAND_L</autogen>
        </item>

        <item>
          <name>Combination</name>
          <appendix>A to B,C (Standard)</appendix>
          <appendix>B to A,B,Shift_L+C,D,Control_L+P (Key To)</appendix>
          <appendix>C to JIS_KANA,A,I,JIS_EISUU,U (Key To with Japanese)</appendix>
          <appendix>Shift_L to A,B,Control_L+B,Shift_L+C,D (Modifier To)</appendix>
          <appendix>Control+D to Shift_L+A, Control_L+F (Key+Modifier To)</appendix>
          <appendix>E to Type "http://pqrs.org/macosx/keyremap4macbook/"</appendix>
          <sysctl>remap.samples_keytokey_combination</sysctl>
          <autogen>--KeyToKey-- KeyCode::A, KeyCode::B, KeyCode::C</autogen>
          <autogen>--KeyToKey-- KeyCode::B, KeyCode::A, KeyCode::B, KeyCode::C, ModifierFlag::SHIFT_L, KeyCode::D, KeyCode::P, ModifierFlag::CONTROL_L</autogen>
          <autogen>--KeyToKey-- KeyCode::C, KeyCode::JIS_KANA, KeyCode::A, KeyCode::I, KeyCode::JIS_EISUU, KeyCode::U</autogen>
          <autogen>--KeyToKey-- KeyCode::SHIFT_L, KeyCode::A, KeyCode::B, KeyCode::B, ModifierFlag::CONTROL_L, KeyCode::C, ModifierFlag::SHIFT_L, KeyCode::D</autogen>
          <autogen>--KeyToKey-- KeyCode::D, VK_CONTROL, KeyCode::A, ModifierFlag::SHIFT_L, KeyCode::F, ModifierFlag::CONTROL_L</autogen>
          <autogen>--KeyToKey-- KeyCode::E, ModifierFlag::NONE, KeyCode::H, KeyCode::T, KeyCode::T, KeyCode::P, KeyCode::SEMICOLON, ModifierFlag::SHIFT_L, KeyCode::SLASH, KeyCode::SLASH, KeyCode::P, KeyCode::Q, KeyCode::R, KeyCode::S, KeyCode::DOT, KeyCode::O, KeyCode::R, KeyCode::G, KeyCode::SLASH, KeyCode::M, KeyCode::A, KeyCode::C, KeyCode::O, KeyCode::S, KeyCode::X, KeyCode::SLASH, KeyCode::K, KeyCode::E, KeyCode::Y, KeyCode::R, KeyCode::E, KeyCode::M, KeyCode::A, KeyCode::P, KeyCode::KEY_4, KeyCode::M, KeyCode::A, KeyCode::C, KeyCode::B, KeyCode::O, KeyCode::O, KeyCode::K, KeyCode::SLASH</autogen>
        </item>
      </list>
    </item>

    <item>
      <name>KeyToConsumer</name>
      <list>
        <item>
          <name>Standard</name>
          <appendix>A to Volume Mute</appendix>
          <appendix>Shift+B to Volume Mute (With Modifier)</appendix>
          <appendix>Shift_L to Volume Mute (Modifier To)</appendix>
          <appendix>C to Option_L+Volume Mute (To Key+Modifier)</appendix>
          <appendix>D to Volume Up, Brightness Up</appendix>
          <sysctl>remap.samples_keytoconsumer</sysctl>
          <autogen>--KeyToConsumer-- KeyCode::A, ConsumerKeyCode::VOLUME_MUTE</autogen>
          <autogen>--KeyToConsumer-- KeyCode::B, VK_SHIFT, ConsumerKeyCode::VOLUME_MUTE</autogen>
          <autogen>--KeyToConsumer-- KeyCode::SHIFT_L, ConsumerKeyCode::VOLUME_MUTE</autogen>
          <autogen>--KeyToConsumer-- KeyCode::C, ConsumerKeyCode::VOLUME_MUTE, ModifierFlag::OPTION_L</autogen>
          <autogen>--KeyToConsumer-- KeyCode::D, ConsumerKeyCode::VOLUME_UP, ConsumerKeyCode::BRIGHTNESS_UP</autogen>
        </item>
      </list>
    </item>

    <item>
      <name>ConsumerToKey</name>
      <list>
        <item>
          <name>Standard</name>
          <appendix>Command+Volume Down to A,S,Shift_L+D,Control_L+F,G</appendix>
          <appendix>Volume Down to A</appendix>
          <appendix>Option+Volume Up to Shift_L (Key+Modifier to Modifier)</appendix>
          <appendix>Shift+Volume Up to B (with Modifier)</appendix>
          <appendix>Volume Up to Control_L (to Modifier)</appendix>
          <appendix>Option+Volume Mute to Shift_L+C (to Key+Modifier)</appendix>
          <appendix>NumLock to A</appendix>
          <!-- Note: -->
          <!-- NumLock is a special key. When we press "A" key with holding NumLock key, there is no key down event occurred -->
          <!-- Therefore we cannot change NumLock to Modifier -->
          <sysctl>remap.samples_consumertokey</sysctl>
          <autogen>--ConsumerToKey-- ConsumerKeyCode::VOLUME_DOWN, VK_COMMAND, KeyCode::A, KeyCode::S, KeyCode::D, ModifierFlag::SHIFT_L, KeyCode::F, ModifierFlag::CONTROL_L, KeyCode::G</autogen>
          <autogen>--ConsumerToKey-- ConsumerKeyCode::VOLUME_DOWN, KeyCode::A</autogen>
          <autogen>--ConsumerToKey-- ConsumerKeyCode::VOLUME_UP, VK_OPTION, KeyCode::SHIFT_L</autogen>
          <autogen>--ConsumerToKey-- ConsumerKeyCode::VOLUME_UP, VK_SHIFT, KeyCode::B</autogen>
          <autogen>--ConsumerToKey-- ConsumerKeyCode::VOLUME_UP, KeyCode::CONTROL_L</autogen>
          <autogen>--ConsumerToKey-- ConsumerKeyCode::VOLUME_MUTE, VK_OPTION, KeyCode::C, ModifierFlag::SHIFT_L</autogen>
          <autogen>--ConsumerToKey-- ConsumerKeyCode::NUMLOCK, KeyCode::A</autogen>
        </item>
      </list>
    </item>

    <item>
      <name>ConsumerToConsumer</name>
      <list>
        <item>
          <name>Standard</name>
          <appendix>Volume Down to Volume Mute</appendix>
          <appendix>Shift+Volume Up to Volume Mute (with Modifier)</appendix>
          <appendix>NumLock to Volume Mute</appendix>
          <sysctl>remap.samples_consumertoconsumer</sysctl>
          <autogen>--ConsumerToConsumer-- ConsumerKeyCode::VOLUME_DOWN, ConsumerKeyCode::VOLUME_MUTE</autogen>
          <autogen>--ConsumerToConsumer-- ConsumerKeyCode::VOLUME_UP, VK_SHIFT, ConsumerKeyCode::VOLUME_MUTE</autogen>
          <autogen>--ConsumerToConsumer-- ConsumerKeyCode::NUMLOCK, ConsumerKeyCode::VOLUME_MUTE</autogen>
        </item>
      </list>
    </item>

    <item>
      <name>KeyOverlaidModifier</name>
      <list>
        <item>
          <name>Standard</name>
          <appendix>A to Shift_L (When type only, send Space) (Standard)</appendix>
          <appendix>Option_L to Shift_L (When type only, send Space) (Modifier)</appendix>
          <appendix>Control+B to Shift_L (When type only, send Space) (Key+Modifier)</appendix>
          <appendix>C to Shift_L (When type only, send Space) + [KeyRepeat]</appendix>
          <appendix>Command+D to Shift_L (When type only, send Control_L+F) + [KeyRepeat]</appendix>
          <appendix>E to KeyCode::VK_NONE</appendix>
          <appendix>F to Shift_L (When type only, send CapsLock)</appendix>
          <appendix>G to Shift_L (When type only, send A,B,Shift_L+C,Control_L+B)</appendix>
          <appendix>H to Shift_L (When type only, send A,B,Shift_L+C,Control_L+B) + [KeyRepeat]</appendix>
          <appendix>I to Shift_L (When type only, send Option_L)</appendix>
          <appendix>Command_R to Shift_L (When type only without other modifiers, send Space)</appendix>
          <sysctl>remap.samples_keyoverlaidmodifier</sysctl>
          <autogen>--KeyOverlaidModifier-- KeyCode::A, KeyCode::SHIFT_L, KeyCode::SPACE</autogen>
          <autogen>--KeyOverlaidModifier-- KeyCode::OPTION_L, KeyCode::SHIFT_L, KeyCode::SPACE</autogen>
          <autogen>--KeyOverlaidModifier-- KeyCode::B, VK_CONTROL, KeyCode::SHIFT_L, KeyCode::SPACE</autogen>
          <autogen>--KeyOverlaidModifierWithRepeat-- KeyCode::C, KeyCode::SHIFT_L, KeyCode::SPACE</autogen>
          <autogen>--KeyOverlaidModifierWithRepeat-- KeyCode::D, VK_COMMAND, KeyCode::SHIFT_L, KeyCode::F, ModifierFlag::CONTROL_L</autogen>
          <autogen>--KeyToKey-- KeyCode::E, KeyCode::VK_NONE</autogen>
          <autogen>--KeyOverlaidModifier-- KeyCode::F, KeyCode::SHIFT_L, KeyCode::CAPSLOCK</autogen>
          <autogen>--KeyOverlaidModifier--           KeyCode::G, KeyCode::SHIFT_L, KeyCode::A, KeyCode::B, KeyCode::C, ModifierFlag::SHIFT_L, KeyCode::B, ModifierFlag::CONTROL_L</autogen>
          <autogen>--KeyOverlaidModifierWithRepeat-- KeyCode::H, KeyCode::SHIFT_L, KeyCode::A, KeyCode::B, KeyCode::C, ModifierFlag::SHIFT_L, KeyCode::B, ModifierFlag::CONTROL_L</autogen>
          <autogen>--KeyOverlaidModifier-- KeyCode::I, KeyCode::SHIFT_L, KeyCode::OPTION_L</autogen>
          <autogen>--KeyOverlaidModifier-- KeyCode::COMMAND_R, ModifierFlag::COMMAND_R | ModifierFlag::NONE, KeyCode::SHIFT_L, KeyCode::SPACE</autogen>
        </item>
      </list>
    </item>

    <item>
      <name>HoldingKeyToKey</name>
      <list>
        <item>
          <name>Standard</name>
          <sysctl>remap.samples_holdingkeytokey</sysctl>
          <appendix>Escape to Tab (+ Holding Escape to Space)</appendix>
          <appendix>Tab to A,S,Control_L+D,F (+ Holding Tab to Q,W,Shift_L+E,R)</appendix>
          <appendix>Option+Shift_R to Return (+ Holding Option+Shift_R to Space)</appendix>
          <appendix>Shift+A to Option_L+B (+ Holding Shift+A to Command_L+Return)</appendix>
          <appendix>Control+B to Option_L+B,C (+ Holding Control+B to Space)</appendix>
          <!-- Note: Use KeyCode::VK_NONE as a separator of parameters -->
          <autogen>--HoldingKeyToKey-- KeyCode::ESCAPE, KeyCode::TAB, KeyCode::VK_NONE, KeyCode::SPACE</autogen>
          <autogen>--HoldingKeyToKey-- KeyCode::TAB, KeyCode::A, KeyCode::S, KeyCode::D, ModifierFlag::CONTROL_L, KeyCode::F, KeyCode::VK_NONE, KeyCode::Q, KeyCode::W, KeyCode::E, ModifierFlag::SHIFT_L, KeyCode::R</autogen>
          <autogen>--HoldingKeyToKey-- KeyCode::SHIFT_R, VK_OPTION, KeyCode::RETURN, KeyCode::VK_NONE, KeyCode::SPACE</autogen>
          <autogen>--HoldingKeyToKey-- KeyCode::A, VK_SHIFT, KeyCode::B, ModifierFlag::OPTION_L, KeyCode::VK_NONE, KeyCode::RETURN, ModifierFlag::COMMAND_L</autogen>
          <autogen>--HoldingKeyToKey-- KeyCode::B, VK_CONTROL, KeyCode::B, ModifierFlag::OPTION_L, KeyCode::C, KeyCode::VK_NONE, KeyCode::SPACE</autogen>
        </item>
      </list>
    </item>

    <item>
      <name>DoublePressModifier</name>
      <list>
        <item>
          <name>Standard</name>
          <appendix>Shift_L x2 to RETURN</appendix>
          <appendix>(A to Control_L) + (A x2 to Shift_L+RETURN)</appendix>
          <appendix>(Shift+B to Control_L+Option_L) + (Shift+B x2 to A,S,Command_L+D)</appendix>
          <sysctl>remap.samples_doublepressmodifier</sysctl>
          <autogen>--DoublePressModifier-- KeyCode::SHIFT_L, KeyCode::SHIFT_L, KeyCode::RETURN</autogen>
          <autogen>--DoublePressModifier-- KeyCode::A, KeyCode::CONTROL_L, KeyCode::RETURN, ModifierFlag::SHIFT_L</autogen>
          <autogen>--DoublePressModifier-- KeyCode::B, VK_SHIFT, KeyCode::CONTROL_L, ModifierFlag::OPTION_L, KeyCode::A, KeyCode::S, KeyCode::D, ModifierFlag::COMMAND_L</autogen>
        </item>
      </list>
    </item>

    <item>
      <name>DropKeyAfterRemap</name>
      <list>
        <item>
          <name>Standard</name>
          <appendix>Drop Tab</appendix>
          <appendix>Drop Shift+Return</appendix>
          <appendix>Change A to Tab (== dropped)</appendix>
          <appendix>Change B to Shift_L+Return (== dropped)</appendix>
          <sysctl>remap.samples_dropkeyafterremap</sysctl>
          <autogen>--DropKeyAfterRemap-- KeyCode::TAB</autogen>
          <autogen>--DropKeyAfterRemap-- KeyCode::RETURN, VK_SHIFT</autogen>
          <autogen>--KeyToKey-- KeyCode::A, KeyCode::TAB</autogen>
          <autogen>--KeyToKey-- KeyCode::B, KeyCode::RETURN, ModifierFlag::SHIFT_L</autogen>
        </item>
      </list>
    </item>

    <item>
      <name>IgnoreMultipleSameKeyPress</name>
      <list>
        <item>
          <name>Standard</name>
          <appendix>Ignore the multiple press of 'A'</appendix>
          <appendix>Ignore the multiple press of 'Shift+B' (with Modifier)</appendix>
          <sysctl>remap.samples_ignoremultiplesamekeypress</sysctl>
          <autogen>--IgnoreMultipleSameKeyPress-- KeyCode::A</autogen>
          <autogen>--IgnoreMultipleSameKeyPress-- KeyCode::B, VK_SHIFT</autogen>
        </item>
      </list>
    </item>

    <item>
      <name>SimultaneousKeyPresses</name>
      <list>
        <item>
          <name>KeyToKey</name>
          <appendix>(A+J to Down)</appendix>
          <appendix>(A+K to Up)</appendix>
          <appendix>(A+S to A,S,A,J)</appendix>
          <appendix>(A+D to A,Shift_L+S,Control_L+D,F)</appendix>
          <appendix>(A+G to Shift_L)</appendix>
          <appendix>(Command_R+[E+R] to Space)</appendix>
          <appendix>(Command_R+[R+T] to Space)</appendix>
          <appendix>(Control_L+[R+T] to Shift_L)</appendix>
          <appendix>(R+T to Delete)</appendix>
          <appendix>(FN+[K+L] to Space)</appendix>
          <appendix>(Shift_L+Shift_R to Space)</appendix>
          <appendix>(Control_L+Option_L to FN)</appendix>
          <appendix>Return to Space</appendix>
          <appendix>(Z+X to Return (== to Return))</appendix>
          <appendix>(X+C to Return with Option::RAW (== to Space))</appendix>
          <appendix>(W+E to Escape if application == TERMINAL)</appendix>
          <appendix>(Q+W to Escape if inputmode == INPUTMODE_ROMAN)</appendix>
          <sysctl>remap.samples_simultaneouskeypresses_keytokey</sysctl>
          <autogen>--SimultaneousKeyPresses-- KeyCode::J, KeyCode::A, KeyCode::CURSOR_DOWN</autogen>
          <autogen>--SimultaneousKeyPresses-- KeyCode::K, KeyCode::A, KeyCode::CURSOR_UP</autogen>
          <autogen>--SimultaneousKeyPresses-- KeyCode::S, KeyCode::A, KeyCode::A, KeyCode::S, KeyCode::A, KeyCode::J</autogen>
          <autogen>--SimultaneousKeyPresses-- KeyCode::D, KeyCode::A, KeyCode::A, KeyCode::S, ModifierFlag::SHIFT_L, KeyCode::D, ModifierFlag::CONTROL_L, KeyCode::F</autogen>
          <autogen>--SimultaneousKeyPresses-- KeyCode::G, KeyCode::A, KeyCode::SHIFT_L</autogen>
          <autogen>--SimultaneousKeyPresses-- KeyCode::R, KeyCode::E, ModifierFlag::COMMAND_R, KeyCode::SPACE</autogen>
          <autogen>--SimultaneousKeyPresses-- KeyCode::T, KeyCode::R, ModifierFlag::COMMAND_R, KeyCode::SPACE</autogen>
          <autogen>--SimultaneousKeyPresses-- KeyCode::T, KeyCode::R, ModifierFlag::CONTROL_L, KeyCode::SHIFT_L</autogen>
          <autogen>--SimultaneousKeyPresses-- KeyCode::T, KeyCode::R, KeyCode::DELETE</autogen>
          <autogen>--SimultaneousKeyPresses-- KeyCode::L, KeyCode::K, ModifierFlag::FN, KeyCode::SPACE</autogen>
          <autogen>--SimultaneousKeyPresses-- KeyCode::SHIFT_L, KeyCode::SHIFT_R, KeyCode::SPACE</autogen>
          <autogen>--SimultaneousKeyPresses-- KeyCode::CONTROL_L, KeyCode::OPTION_L, KeyCode::FN</autogen>
          <autogen>--KeyToKey-- KeyCode::RETURN, KeyCode::SPACE</autogen>
          <autogen>--SimultaneousKeyPresses-- KeyCode::X, KeyCode::Z, KeyCode::RETURN</autogen>
          <autogen>--SimultaneousKeyPresses-- KeyCode::C, KeyCode::X, KeyCode::RETURN, SimultaneousKeyPresses::Option::RAW</autogen>
          <block>
            <only>TERMINAL</only>
            <autogen>--SimultaneousKeyPresses-- KeyCode::E, KeyCode::W, KeyCode::ESCAPE</autogen>
          </block>
          <block>
            <inputmode_only>INPUTMODE_ROMAN</inputmode_only>
            <autogen>--SimultaneousKeyPresses-- KeyCode::W, KeyCode::Q, KeyCode::ESCAPE</autogen>
          </block>
        </item>
        <item>
          <name>ButtonToButton</name>
          <appendix>Shift+LeftClick+RightClick to Button4</appendix>
          <appendix>LeftClick+RightClick to MiddleClick</appendix>
          <sysctl>remap.samples_simultaneouskeypresses_buttontobutton</sysctl>
          <autogen>--SimultaneousKeyPresses-- PointingButton::LEFT, PointingButton::RIGHT, VK_SHIFT, PointingButton::BUTTON4</autogen>
          <autogen>--SimultaneousKeyPresses-- PointingButton::LEFT, PointingButton::RIGHT, PointingButton::MIDDLE</autogen>
        </item>
        <item>
          <name>KeyToButton</name>
          <appendix>[A+S] to RightClick</appendix>
          <appendix>Shift+[S+D] to MiddleClick</appendix>
          <sysctl>remap.samples_simultaneouskeypresses_keytobutton</sysctl>
          <autogen>--SimultaneousKeyPresses-- KeyCode::S, KeyCode::A, PointingButton::RIGHT</autogen>
          <autogen>--SimultaneousKeyPresses-- KeyCode::D, KeyCode::S, VK_SHIFT, PointingButton::MIDDLE</autogen>
        </item>
        <item>
          <name>ButtonToKey</name>
          <appendix>Shift+LeftClick+RightClick to Space</appendix>
          <appendix>LeftClick+RightClick to Return</appendix>
          <sysctl>remap.samples_simultaneouskeypresses_buttontokey</sysctl>
          <autogen>--SimultaneousKeyPresses-- PointingButton::LEFT, PointingButton::RIGHT, VK_SHIFT, KeyCode::SPACE</autogen>
          <autogen>--SimultaneousKeyPresses-- PointingButton::LEFT, PointingButton::RIGHT, KeyCode::RETURN</autogen>
        </item>
      </list>
    </item>

    <item>
      <name>KeyToPointingButton</name>
      <list>
        <item>
          <name>Standard</name>
          <appendix>A to LeftClick (Standard)</appendix>
          <appendix>S to Double-LeftClick</appendix>
          <appendix>D to Shift_L+LeftClick,RightClick</appendix>
          <appendix>Option_L to LeftClick (Modifier)</appendix>
          <appendix>Shift_R to LeftClick,RightClick (Modifier)</appendix>
          <appendix>Shift+B to RightClick (Key+Modifier)</appendix>
          <appendix>Shift+F to RightClick,MiddleClick (Key+Modifier)</appendix>
          <appendix>Shift+Control_L to RightClick (Modifier+Modifier)</appendix>
          <appendix>Shift+Command_L to RightClick,MiddleClick (Modifier+Modifier)</appendix>
          <sysctl>remap.samples_keytopointingbutton</sysctl>
          <autogen>--KeyToPointingButton-- KeyCode::A, PointingButton::LEFT</autogen>
          <autogen>--KeyToPointingButton-- KeyCode::S, PointingButton::LEFT, PointingButton::LEFT</autogen>
          <autogen>--KeyToPointingButton-- KeyCode::D, PointingButton::LEFT, ModifierFlag::SHIFT_L, PointingButton::RIGHT</autogen>
          <autogen>--KeyToPointingButton-- KeyCode::OPTION_L, PointingButton::LEFT</autogen>
          <autogen>--KeyToPointingButton-- KeyCode::SHIFT_R,  PointingButton::LEFT, PointingButton::RIGHT</autogen>
          <autogen>--KeyToPointingButton-- KeyCode::B, VK_SHIFT, PointingButton::RIGHT</autogen>
          <autogen>--KeyToPointingButton-- KeyCode::F, VK_SHIFT, PointingButton::RIGHT, PointingButton::MIDDLE</autogen>
          <autogen>--KeyToPointingButton-- KeyCode::CONTROL_L, VK_SHIFT, PointingButton::RIGHT</autogen>
          <autogen>--KeyToPointingButton-- KeyCode::COMMAND_L, VK_SHIFT, PointingButton::RIGHT, PointingButton::MIDDLE</autogen>
        </item>
      </list>
    </item>

    <item>
      <name>PointingRelativeToScroll</name>
      <list>
        <item>
          <name>Standard</name>
          <appendix>MiddleClick+CursorMove to ScrollWheel (One Button)</appendix>
          <appendix>Option+CursorMove to ScrollWheel (Modifier)</appendix>
          <appendix>Shift+LeftClick+CursorMove to ScrollWheel (Button+Modifier)</appendix>
          <sysctl>remap.samples_pointingrelativetoscroll</sysctl>
          <autogen>--PointingRelativeToScroll-- PointingButton::MIDDLE</autogen>
          <autogen>--PointingRelativeToScroll-- PointingButton::NONE, VK_OPTION</autogen>
          <autogen>--PointingRelativeToScroll-- PointingButton::LEFT, VK_SHIFT</autogen>
        </item>
        <item>
          <name>SimultaneousKeyPresses</name>
          <appendix>LeftClick+RightClick+CursorMove to ScrollWheel</appendix>
          <sysctl>remap.samples_pointingrelativetoscroll_simultaneouskeypresses</sysctl>
          <autogen>--SimultaneousKeyPresses-- PointingButton::LEFT, PointingButton::RIGHT, KeyCode::VK_CONFIG_SYNC_KEYDOWNUP_notsave_pointing_relative_to_scroll</autogen>
        </item>
      </list>
    </item>

    <item>
      <name>PointingButtonToPointingButton</name>
      <list>
        <item>
          <name>RightClick to MiddleClick</name>
          <sysctl>remap.samples_pointingbuttontopointingbutton_r2m</sysctl>
          <autogen>--PointingButtonToPointingButton-- PointingButton::RIGHT, PointingButton::MIDDLE</autogen>
        </item>
        <item>
          <name>Option+LeftClick to MiddleClick</name>
          <sysctl>remap.samples_pointingbuttontopointingbutton_ol2m</sysctl>
          <autogen>--PointingButtonToPointingButton-- PointingButton::LEFT, VK_OPTION, PointingButton::MIDDLE</autogen>
        </item>
        <item>
          <name>FN+LeftClick to Option_L+LeftClick</name>
          <sysctl>remap.samples_pointingbuttontopointingbutton_fl2ol</sysctl>
          <autogen>--PointingButtonToPointingButton-- PointingButton::LEFT, ModifierFlag::FN, PointingButton::LEFT, ModifierFlag::OPTION_L</autogen>
        </item>
        <item>
          <name>RightClick to Double-LeftClick</name>
          <sysctl>remap.samples_pointingbuttontopointingbutton_r2dl</sysctl>
          <autogen>--PointingButtonToPointingButton-- PointingButton::RIGHT, PointingButton::LEFT, PointingButton::LEFT</autogen>
        </item>
        <item>
          <name>RightClick to Shift_L+LeftClick, LeftClick</name>
          <sysctl>remap.samples_pointingbuttontopointingbutton_r2sll</sysctl>
          <autogen>--PointingButtonToPointingButton-- PointingButton::RIGHT, PointingButton::LEFT, ModifierFlag::SHIFT_L, PointingButton::LEFT</autogen>
        </item>
        <item>
          <name>RightClick to Shift_L+LeftClick, RightClick</name>
          <sysctl>remap.samples_pointingbuttontopointingbutton_r2slr</sysctl>
          <autogen>--PointingButtonToPointingButton-- PointingButton::RIGHT, PointingButton::LEFT, ModifierFlag::SHIFT_L, PointingButton::RIGHT</autogen>
        </item>
        <item>
          <name>Control+RightClick to Double-LeftClick</name>
          <sysctl>remap.samples_pointingbuttontopointingbutton_cr2dl</sysctl>
          <autogen>--PointingButtonToPointingButton-- PointingButton::RIGHT, VK_CONTROL, PointingButton::LEFT, PointingButton::LEFT</autogen>
        </item>
      </list>
    </item>

    <item>
      <name>PointingButtonToKey</name>
      <list>
        <item>
          <name>Standard</name>
          <appendix>MiddleClick to Return</appendix>
          <appendix>Option_L+RightClick to Shift_L</appendix>
          <appendix>Command_L+RightClick to A, Shift_L+B, Control_L+C</appendix>
          <appendix>RightClick to Control_L</appendix>
          <appendix>RightClick to Tab (if application == TERMINAL)</appendix>
          <appendix>Control_L+LeftClick to Space</appendix>
          <sysctl>remap.samples_pointingbuttontokey</sysctl>
          <autogen>--PointingButtonToKey-- PointingButton::MIDDLE, KeyCode::RETURN</autogen>
          <autogen>--PointingButtonToKey-- PointingButton::RIGHT, ModifierFlag::OPTION_L, KeyCode::SHIFT_L</autogen>
          <autogen>--PointingButtonToKey-- PointingButton::RIGHT, ModifierFlag::COMMAND_L, KeyCode::A, KeyCode::B, ModifierFlag::SHIFT_L, KeyCode::C, ModifierFlag::CONTROL_L</autogen>
          <block>
            <only>TERMINAL</only>
            <autogen>--PointingButtonToKey-- PointingButton::RIGHT, KeyCode::TAB</autogen>
          </block>
          <autogen>--PointingButtonToKey-- PointingButton::RIGHT, KeyCode::CONTROL_L</autogen>
          <autogen>--PointingButtonToKey-- PointingButton::LEFT, ModifierFlag::CONTROL_L, KeyCode::SPACE</autogen>
        </item>
        <item>
          <name>Standard2</name>
          <appendix>RightClick to CapsLock,A</appendix>
          <sysctl>remap.samples_pointingbuttontokey2</sysctl>
          <autogen>--PointingButtonToKey-- PointingButton::RIGHT, KeyCode::CAPSLOCK, KeyCode::A</autogen>
        </item>
      </list>
    </item>

    <item>
      <name>Filters</name>
      <list>
        <!-- application only -->
        <item>
          <name>application</name>
          <appendix>A to B if application == TERMINAL (KeyToKey)</appendix>
          <appendix>A to C if application != TERMINAL (KeyToKey)</appendix>
          <appendix>Volume Mute to B if application == TERMINAL (ConsumerToKey)</appendix>
          <appendix>Volume Mute to C if application != TERMINAL (ConsumerToKey)</appendix>
          <sysctl>remap.samples_application</sysctl>
          <block>
            <only>TERMINAL</only>
            <autogen>--KeyToKey-- KeyCode::A, KeyCode::B</autogen>
            <autogen>--ConsumerToKey-- ConsumerKeyCode::VOLUME_MUTE, KeyCode::B</autogen>
          </block>
          <block>
            <not>TERMINAL</not>
            <autogen>--KeyToKey-- KeyCode::A, KeyCode::C</autogen>
            <autogen>--ConsumerToKey-- ConsumerKeyCode::VOLUME_MUTE, KeyCode::C</autogen>
          </block>
        </item>

        <!-- KeyboardType only -->
        <item>
          <name>KeyboardType only</name>
          <appendix>A to B if KeyboardType == KeyboardType::MACBOOK or MACBOOK_3_1</appendix>
          <appendix>A to C if KeyboardType != KeyboardType::MACBOOK and MACBOOK_3_1</appendix>
          <sysctl>remap.samples_keyboardtype</sysctl>
          <block>
            <keyboardtype_only>MACBOOK, MACBOOK_3_1</keyboardtype_only>
            <autogen>--KeyToKey-- KeyCode::A, KeyCode::B</autogen>
          </block>
          <block>
            <keyboardtype_not>MACBOOK,MACBOOK_3_1</keyboardtype_not>
            <autogen>--KeyToKey-- KeyCode::A, KeyCode::C</autogen>
          </block>
        </item>

        <!-- Device only -->
        <item>
          <name>Device only</name>
          <appendix>A to B if (VendorID,ProductID) == (0x5ac,0x21a) or (0x5ac,0x222)</appendix>
          <appendix>A to C unless (VendorID,ProductID) == (0x5ac,0x21a) or (0x5ac,0x222)</appendix>
          <appendix>* (0x5ac,0x21a) is MacBookPro2,1</appendix>
          <appendix>* (0x5ac,0x222) is Apple Aluminum Keyboard (JIS)</appendix>
          <sysctl>remap.samples_device</sysctl>
          <block>
            <device_only>DeviceVendorID(0x5ac),DeviceProductID(0x21a), DeviceVendorID(0x5ac),DeviceProductID(0x222)</device_only>
            <autogen>--KeyToKey-- KeyCode::A, KeyCode::B</autogen>
          </block>
          <block>
            <device_not>DeviceVendorID(0x5ac),DeviceProductID(0x21a), DeviceVendorID(0x5ac),DeviceProductID(0x222)</device_not>
            <autogen>--KeyToKey-- KeyCode::A, KeyCode::C</autogen>
          </block>
        </item>

        <!-- Config only -->
        <item>
          <name>Config only</name>
          <list>
            <item>
              <name>Core</name>
              <sysctl>remap.samples_config</sysctl>
              <appendix>A to 1 if samples_config_mode1 == active</appendix>
              <appendix>B to 2 if samples_config_mode1 or samples_config_mode2 == active</appendix>
              <appendix>A to 3 if samples_config_mode1 != active</appendix>
              <appendix>B to 4 if samples_config_mode1 and samples_config_mode2 != active</appendix>
              <appendix>C to 5</appendix>
              <block>
                <config_only>option.samples_config_mode1</config_only>
                <autogen>--KeyToKey-- KeyCode::A, KeyCode::KEY_1</autogen>
              </block>
              <block>
                <config_only>option.samples_config_mode1, option.samples_config_mode2</config_only>
                <autogen>--KeyToKey-- KeyCode::B, KeyCode::KEY_2</autogen>
              </block>
              <block>
                <config_not>option.samples_config_mode1</config_not>
                <autogen>--KeyToKey-- KeyCode::A, KeyCode::KEY_3</autogen>
              </block>
              <block>
                <config_not>option.samples_config_mode1, option.samples_config_mode2</config_not>
                <autogen>--KeyToKey-- KeyCode::B, KeyCode::KEY_4</autogen>
              </block>
              <block>
                <autogen>--KeyToKey-- KeyCode::C, KeyCode::KEY_5</autogen>
              </block>
            </item>
            <item>
              <name>Config only mode1</name>
              <sysctl>option.samples_config_mode1</sysctl>
            </item>
            <item>
              <name>Config only mode2</name>
              <sysctl>option.samples_config_mode2</sysctl>
            </item>
          </list>
        </item>

        <!-- inputmode only -->
        <item>
          <name>InputMode</name>
          <list>
            <item>
              <name>inputmode_only (Japanese)</name>
              <appendix>ASDFG to AIUEO if inputmode == INPUTMODE_JAPANESE</appendix>
              <sysctl>remap.samples_jis_asdfg2aiueo</sysctl>
              <inputmode_only>INPUTMODE_JAPANESE</inputmode_only>
              <autogen>--KeyToKey-- KeyCode::S, KeyCode::I</autogen>
              <autogen>--KeyToKey-- KeyCode::D, KeyCode::U</autogen>
              <autogen>--KeyToKey-- KeyCode::F, KeyCode::E</autogen>
              <autogen>--KeyToKey-- KeyCode::G, KeyCode::O</autogen>
            </item>
            <item>
              <name>inputmode_only (Chinese Traditional)</name>
              <appendix>A to Space if inputmode == INPUTMODE_CHINESE_TRADITIONAL</appendix>
              <sysctl>remap.samples_tradchinese_a2space</sysctl>
              <inputmode_only>INPUTMODE_CHINESE_TRADITIONAL</inputmode_only>
              <autogen>--KeyToKey-- KeyCode::A, KeyCode::SPACE</autogen>
            </item>
            <item>
              <name>inputmode_only (Chinese Simplified)</name>
              <appendix>A to Space if inputmode == INPUTMODE_CHINESE_SIMPLIFIED</appendix>
              <sysctl>remap.samples_simpchinese_a2space</sysctl>
              <inputmode_only>INPUTMODE_CHINESE_SIMPLIFIED</inputmode_only>
              <autogen>--KeyToKey-- KeyCode::A, KeyCode::SPACE</autogen>
            </item>
            <item>
              <name>inputmode_only (Korean)</name>
              <appendix>A to Space if inputmode == INPUTMODE_KOREAN</appendix>
              <sysctl>remap.samples_korean_a2space</sysctl>
              <inputmode_only>INPUTMODE_KOREAN</inputmode_only>
              <autogen>--KeyToKey-- KeyCode::A, KeyCode::SPACE</autogen>
            </item>
            <item>
              <name>inputmodedetail_only</name>
              <appendix>ASDFG to AIUEO if inputmodedetail == INPUTMODE_DETAIL_JAPANESE_KATAKANA</appendix>
              <sysctl>remap.samples_jis_asdfg2aiueo_katakana</sysctl>
              <inputmodedetail_only>INPUTMODE_DETAIL_JAPANESE_KATAKANA</inputmodedetail_only>
              <autogen>--KeyToKey-- KeyCode::S, KeyCode::I</autogen>
              <autogen>--KeyToKey-- KeyCode::D, KeyCode::U</autogen>
              <autogen>--KeyToKey-- KeyCode::F, KeyCode::E</autogen>
              <autogen>--KeyToKey-- KeyCode::G, KeyCode::O</autogen>
            </item>
          </list>
        </item>

        <!-- block -->
        <item>
          <name>block sample</name>
          <appendix>A to B if application == TERMINAL (KeyToKey)</appendix>
          <appendix>B to D if application == TERMINAL (KeyToKey)</appendix>
          <appendix>A to C if application != TERMINAL (KeyToKey)</appendix>
          <appendix>B to E if application != TERMINAL (KeyToKey)</appendix>
          <appendix>Shift+C to Y</appendix>
          <appendix>Shift+D to Z</appendix>
          <appendix>C to 1 if application == TERMINAL (KeyToKey), keyboardType == MACBOOK</appendix>
          <appendix>C to 2 if application == TERMINAL (KeyToKey), keyboardType != MACBOOK</appendix>
          <appendix>C to 3 if application != TERMINAL (KeyToKey), keyboardType == MACBOOK</appendix>
          <appendix>C to 4 if application != TERMINAL (KeyToKey), keyboardType != MACBOOK</appendix>
          <sysctl>remap.samples_block</sysctl>
          <block>
            <only>TERMINAL</only>
            <autogen>--KeyToKey-- KeyCode::A, KeyCode::B</autogen>
            <autogen>--KeyToKey-- KeyCode::B, KeyCode::D</autogen>
          </block>
          <block>
            <not>TERMINAL</not>
            <autogen>--KeyToKey-- KeyCode::A, KeyCode::C</autogen>
            <autogen>--KeyToKey-- KeyCode::B, KeyCode::E</autogen>
          </block>
          <autogen>--KeyToKey-- KeyCode::C, VK_SHIFT, KeyCode::Y</autogen>
          <autogen>--KeyToKey-- KeyCode::D, VK_SHIFT, KeyCode::Z</autogen>
          <block>
            <only>TERMINAL</only>
            <block>
              <keyboardtype_only>MACBOOK</keyboardtype_only>
              <autogen>--KeyToKey-- KeyCode::C, KeyCode::KEY_1</autogen>
            </block>
            <block>
              <keyboardtype_not>MACBOOK</keyboardtype_not>
              <autogen>--KeyToKey-- KeyCode::C, KeyCode::KEY_2</autogen>
            </block>
          </block>
          <block>
            <not>TERMINAL</not>
            <block>
              <keyboardtype_only>MACBOOK</keyboardtype_only>
              <autogen>--KeyToKey-- KeyCode::C, KeyCode::KEY_3</autogen>
            </block>
            <block>
              <keyboardtype_not>MACBOOK</keyboardtype_not>
              <autogen>--KeyToKey-- KeyCode::C, KeyCode::KEY_4</autogen>
            </block>
          </block>
        </item>
      </list>
    </item>

    <!-- Virtual KeyCode -->
    <item>
      <name>Virtual KeyCode</name>
      <list>
        <item>
          <name>VK_MODIFIER_EXTRA</name>
          <appendix>Use A as ModifierFlag::EXTRA1</appendix>
          <appendix>Use D as ModifierFlag::EXTRA5</appendix>
          <appendix>Use F as ModifierFlag::EXTRA5 (When type only, send Space)</appendix>
          <appendix>EXTRA1+S to B</appendix>
          <appendix>EXTRA5+S to C</appendix>
          <sysctl>remap.samples_modifier_extra1</sysctl>
          <autogen>--KeyToKey-- KeyCode::A, KeyCode::VK_MODIFIER_EXTRA1</autogen>
          <autogen>--KeyToKey-- KeyCode::D, KeyCode::VK_MODIFIER_EXTRA5</autogen>
          <autogen>--KeyOverlaidModifier-- KeyCode::F, KeyCode::VK_MODIFIER_EXTRA5, KeyCode::SPACE</autogen>
          <autogen>--KeyToKey-- KeyCode::S, ModifierFlag::EXTRA1, KeyCode::B</autogen>
          <autogen>--KeyToKey-- KeyCode::S, ModifierFlag::EXTRA5, KeyCode::C</autogen>
        </item>
        <item>
          <name>VK_LOCK</name>
          <appendix>Use 1 to FN_Lock</appendix>
          <appendix>Use 2 to Command_R_Lock</appendix>
          <appendix>Use 3 to Shift_L_Lock</appendix>
          <sysctl>remap.samples_vk_lock</sysctl>
          <autogen>--KeyToKey-- KeyCode::KEY_1, KeyCode::VK_LOCK_FN</autogen>
          <autogen>--KeyToKey-- KeyCode::KEY_2, KeyCode::VK_LOCK_COMMAND_R</autogen>
          <autogen>--KeyToKey-- KeyCode::KEY_3, KeyCode::VK_LOCK_SHIFT_L</autogen>
        </item>
        <item>
          <name>VK_STICKY</name>
          <appendix>Use 1 to Sticky Command_L</appendix>
          <appendix>Use 2 to Sticky Command_R</appendix>
          <appendix>Use 3 to Sticky Control_L</appendix>
          <appendix>Use 4 to Sticky Control_R</appendix>
          <appendix>Use 5 to Sticky FN</appendix>
          <appendix>Use 6 to Sticky Option_L</appendix>
          <appendix>Use 7 to Sticky Option_R</appendix>
          <appendix>Use 8 to Sticky Shift_L</appendix>
          <appendix>Use 9 to Sticky Shift_R</appendix>
          <appendix>Use Q to Sticky ModifierFlag::EXTRA1</appendix>
          <appendix>Use W to Sticky ModifierFlag::EXTRA2</appendix>
          <appendix>Use E to Sticky ModifierFlag::EXTRA3</appendix>
          <appendix>Use R to Sticky ModifierFlag::EXTRA4</appendix>
          <appendix>Use T to Sticky ModifierFlag::EXTRA5</appendix>
          <appendix>Use L to Shift_L (+ Sticky Shift_L)</appendix>
          <appendix></appendix>
          <appendix>EXTRA1+A to 1</appendix>
          <appendix>EXTRA2+A to 2</appendix>
          <appendix>EXTRA3+A to 3</appendix>
          <appendix>EXTRA4+A to 4</appendix>
          <appendix>EXTRA5+A to 5</appendix>
          <sysctl>remap.samples_vk_sticky</sysctl>
          <autogen>--KeyToKey-- KeyCode::KEY_1, KeyCode::VK_STICKY_COMMAND_L</autogen>
          <autogen>--KeyToKey-- KeyCode::KEY_2, KeyCode::VK_STICKY_COMMAND_R</autogen>
          <autogen>--KeyToKey-- KeyCode::KEY_3, KeyCode::VK_STICKY_CONTROL_L</autogen>
          <autogen>--KeyToKey-- KeyCode::KEY_4, KeyCode::VK_STICKY_CONTROL_R</autogen>
          <autogen>--KeyToKey-- KeyCode::KEY_5, KeyCode::VK_STICKY_FN</autogen>
          <autogen>--KeyToKey-- KeyCode::KEY_6, KeyCode::VK_STICKY_OPTION_L</autogen>
          <autogen>--KeyToKey-- KeyCode::KEY_7, KeyCode::VK_STICKY_OPTION_R</autogen>
          <autogen>--KeyToKey-- KeyCode::KEY_8, KeyCode::VK_STICKY_SHIFT_L</autogen>
          <autogen>--KeyToKey-- KeyCode::KEY_9, KeyCode::VK_STICKY_SHIFT_R</autogen>
          <autogen>--KeyToKey-- KeyCode::Q, KeyCode::VK_STICKY_EXTRA1</autogen>
          <autogen>--KeyToKey-- KeyCode::W, KeyCode::VK_STICKY_EXTRA2</autogen>
          <autogen>--KeyToKey-- KeyCode::E, KeyCode::VK_STICKY_EXTRA3</autogen>
          <autogen>--KeyToKey-- KeyCode::R, KeyCode::VK_STICKY_EXTRA4</autogen>
          <autogen>--KeyToKey-- KeyCode::T, KeyCode::VK_STICKY_EXTRA5</autogen>
          <autogen>--KeyOverlaidModifier-- KeyCode::L, KeyCode::SHIFT_L, KeyCode::VK_STICKY_SHIFT_L</autogen>
          <autogen>--KeyToKey-- KeyCode::A, ModifierFlag::EXTRA1, KeyCode::KEY_1</autogen>
          <autogen>--KeyToKey-- KeyCode::A, ModifierFlag::EXTRA2, KeyCode::KEY_2</autogen>
          <autogen>--KeyToKey-- KeyCode::A, ModifierFlag::EXTRA3, KeyCode::KEY_3</autogen>
          <autogen>--KeyToKey-- KeyCode::A, ModifierFlag::EXTRA4, KeyCode::KEY_4</autogen>
          <autogen>--KeyToKey-- KeyCode::A, ModifierFlag::EXTRA5, KeyCode::KEY_5</autogen>
        </item>
        <item>
          <name>VK_LAZY_SHIFT_L</name>
          <appendix>Use A to Lazy_Shift_L</appendix>
          <appendix>Use B to Lazy_Shift_R</appendix>
          <sysctl>remap.samples_a2lazy_shiftL</sysctl>
          <autogen>--KeyToKey-- KeyCode::A, KeyCode::VK_LAZY_SHIFT_L</autogen>
          <autogen>--KeyToKey-- KeyCode::B, KeyCode::VK_LAZY_SHIFT_R</autogen>
        </item>
        <item>
          <name>VK_CHANGE_INPUTMODE_*</name>
          <appendix>Use 1 to VK_CHANGE_INPUTMODE_ENGLISH</appendix>
          <appendix>Use 2 to VK_CHANGE_INPUTMODE_FRENCH</appendix>
          <appendix>Use 3 to VK_CHANGE_INPUTMODE_GERMAN</appendix>
          <appendix>Use 4 to VK_CHANGE_INPUTMODE_JAPANESE</appendix>
          <appendix>Use 5 to VK_CHANGE_INPUTMODE_SWEDISH</appendix>
          <appendix>Use 6 to VK_CHANGE_INPUTMODE_CANADIAN</appendix>
          <appendix>Use 7 to VK_CHANGE_INPUTMODE_RUSSIAN</appendix>
          <sysctl>remap.samples_vk_change_inputmode</sysctl>
          <autogen>--KeyToKey-- KeyCode::KEY_1, KeyCode::VK_CHANGE_INPUTMODE_ENGLISH</autogen>
          <autogen>--KeyToKey-- KeyCode::KEY_2, KeyCode::VK_CHANGE_INPUTMODE_FRENCH</autogen>
          <autogen>--KeyToKey-- KeyCode::KEY_3, KeyCode::VK_CHANGE_INPUTMODE_GERMAN</autogen>
          <autogen>--KeyToKey-- KeyCode::KEY_4, KeyCode::VK_CHANGE_INPUTMODE_JAPANESE</autogen>
          <autogen>--KeyToKey-- KeyCode::KEY_5, KeyCode::VK_CHANGE_INPUTMODE_SWEDISH</autogen>
          <autogen>--KeyToKey-- KeyCode::KEY_6, KeyCode::VK_CHANGE_INPUTMODE_CANADIAN</autogen>
          <autogen>--KeyToKey-- KeyCode::KEY_7, KeyCode::VK_CHANGE_INPUTMODE_RUSSIAN</autogen>
        </item>
        <item>
          <name>VK_CONFIG</name>
          <appendix>Use A to toggle Complete Vi Mode</appendix>
          <appendix>Use S to turn on Complete Vi Mode</appendix>
          <sysctl>remap.samples_vk_config</sysctl>
          <autogen>--KeyToKey-- KeyCode::A, KeyCode::VK_CONFIG_TOGGLE_notsave_complete_vimode</autogen>
          <autogen>--KeyToKey-- KeyCode::S, KeyCode::VK_CONFIG_FORCE_ON_notsave_complete_vimode</autogen>
        </item>
        <item>
          <name>VK_JIS_TOGGLE_EISUU_KANA</name>
          <appendix>A to KANA/EISUU (toggle)</appendix>
          <appendix>Command_L to KANA/EISUU (toggle)</appendix>
          <appendix>Command_R to Command_R (When type only, send send KANA/EISUU (toggle))</appendix>
          <sysctl>remap.samples_vk_jis_toggle_eisuu_kana</sysctl>
          <autogen>--KeyToKey-- KeyCode::A, KeyCode::VK_JIS_TOGGLE_EISUU_KANA</autogen>
          <autogen>--KeyToKey-- KeyCode::COMMAND_L, KeyCode::VK_JIS_TOGGLE_EISUU_KANA</autogen>
          <autogen>--KeyOverlaidModifier-- KeyCode::COMMAND_R, KeyCode::COMMAND_R, KeyCode::VK_JIS_TOGGLE_EISUU_KANA</autogen>
        </item>
        <item>
          <name>VK_JIS_BACKSLASH</name>
          <appendix>Use A as JIS_BACKSLASH</appendix>
          <sysctl>remap.samples_a2jisbackslash</sysctl>
          <autogen>--KeyToKey-- KeyCode::A, KeyCode::VK_JIS_BACKSLASH</autogen>
        </item>
        <item>
          <name>VK_JIS_YEN</name>
          <appendix>Use A as JIS_YEN</appendix>
          <sysctl>remap.samples_a2jisyen</sysctl>
          <autogen>--KeyToKey-- KeyCode::A, KeyCode::VK_JIS_YEN</autogen>
        </item>
        <item>
          <name>VK_JIS_TEMPORARY_ROMAN</name>
          <appendix>Use A as A,VK_JIS_TEMPORARY_ROMAN,I,U</appendix>
          <appendix>Use B as VK_JIS_TEMPORARY_ROMAN,A,I,U</appendix>
          <sysctl>remap.samples_vk_jis_temporary_roman</sysctl>
          <autogen>--KeyToKey-- KeyCode::A, KeyCode::A, KeyCode::VK_JIS_TEMPORARY_ROMAN, KeyCode::I, KeyCode::U, KeyCode::VK_JIS_TEMPORARY_RESTORE</autogen>
          <autogen>--KeyToKey-- KeyCode::B, KeyCode::VK_JIS_TEMPORARY_ROMAN, KeyCode::A, KeyCode::I, KeyCode::U, KeyCode::VK_JIS_TEMPORARY_RESTORE</autogen>
        </item>
        <item>
          <name>VK_JIS_TEMPORARY_HIRAGANA</name>
          <appendix>Use A as A,VK_JIS_TEMPORARY_HIRAGANA,I,U</appendix>
          <appendix>Use B as VK_JIS_TEMPORARY_HIRAGANA,A,I,U</appendix>
          <sysctl>remap.samples_vk_jis_temporary_hiragana</sysctl>
          <autogen>--KeyToKey-- KeyCode::A, KeyCode::A, KeyCode::VK_JIS_TEMPORARY_HIRAGANA, KeyCode::I, KeyCode::U, KeyCode::VK_JIS_TEMPORARY_RESTORE</autogen>
          <autogen>--KeyToKey-- KeyCode::B, KeyCode::VK_JIS_TEMPORARY_HIRAGANA, KeyCode::A, KeyCode::I, KeyCode::U, KeyCode::VK_JIS_TEMPORARY_RESTORE</autogen>
        </item>
        <item>
          <name>VK_JIS_TEMPORARY_KATAKANA</name>
          <appendix>Use A as A,VK_JIS_TEMPORARY_KATAKANA,I,U</appendix>
          <appendix>Use B as VK_JIS_TEMPORARY_KATAKANA,A,I,U</appendix>
          <sysctl>remap.samples_vk_jis_temporary_katakana</sysctl>
          <autogen>--KeyToKey-- KeyCode::A, KeyCode::A, KeyCode::VK_JIS_TEMPORARY_KATAKANA, KeyCode::I, KeyCode::U, KeyCode::VK_JIS_TEMPORARY_RESTORE</autogen>
          <autogen>--KeyToKey-- KeyCode::B, KeyCode::VK_JIS_TEMPORARY_KATAKANA, KeyCode::A, KeyCode::I, KeyCode::U, KeyCode::VK_JIS_TEMPORARY_RESTORE</autogen>
        </item>
        <item>
          <name>VK_JIS_TEMPORARY_AINU</name>
          <appendix>Use A as A,VK_JIS_TEMPORARY_AINU,I,U</appendix>
          <appendix>Use B as VK_JIS_TEMPORARY_AINU,A,I,U</appendix>
          <sysctl>remap.samples_vk_jis_temporary_ainu</sysctl>
          <autogen>--KeyToKey-- KeyCode::A, KeyCode::A, KeyCode::VK_JIS_TEMPORARY_AINU, KeyCode::I, KeyCode::U, KeyCode::VK_JIS_TEMPORARY_RESTORE</autogen>
          <autogen>--KeyToKey-- KeyCode::B, KeyCode::VK_JIS_TEMPORARY_AINU, KeyCode::A, KeyCode::I, KeyCode::U, KeyCode::VK_JIS_TEMPORARY_RESTORE</autogen>
        </item>
      </list>
    </item>
  </list>
</item>
