<!-- Author: aristidesfl@gmail.com -->
<item>
  <name>Home Row Arrow and Modifier Mode</name>
  <list>
    <item>
      <name>What's "Home Row Arrow and Modifier Mode"?</name>
      <appendix>Single Key Press Space turns on "Home Row Arrow and Modifier Mode"</appendix>
      <appendix>Then you can use JKIL as Left/Down/Up/Right.</appendix>
      <identifier vk_config="true">notsave.homerow_mode</identifier>
      <autogen>--ShowStatusMessage-- Home Row Arrow and Modifier Mode</autogen>

      <block>
        <autogen>--KeyToKey-- KeyCode::U, ModifierFlag::EXTRA3, KeyCode::TAB, ModifierFlag::SHIFT_L</autogen>
        <config_only>option.homerow_mode_u_o_to_delete_space_tab</config_only>
      </block>

      <block>
        <autogen>--KeyToKey-- KeyCode::U, ModifierFlag::EXTRA4, KeyCode::CURSOR_LEFT, ModifierFlag::COMMAND_L, KeyCode::RETURN, KeyCode::CURSOR_UP</autogen>
        <config_only>option.homerow_mode_u_o_to_delete_space_newline</config_only>
      </block>

      <block>
        <autogen>--KeyToKey-- KeyCode::U, ModifierFlag::EXTRA5, KeyCode::SPACE, KeyCode::CURSOR_LEFT</autogen>
        <autogen>--KeyToKey-- KeyCode::O, ModifierFlag::EXTRA5, KeyCode::FORWARD_DELETE</autogen>
        <config_only>option.homerow_mode_u_o_to_delete_space</config_only>
      </block>

      <block>
        <autogen>--KeyOverlaidModifierWithRepeat-- KeyCode::O, ModifierFlag::OPTION_L, KeyCode::VK_MODIFIER_EXTRA3, KeyCode::TAB</autogen>
        <config_only>option.homerow_mode_u_o_to_delete_space_tab</config_only>
      </block>

      <block>
        <autogen>--KeyOverlaidModifierWithRepeat-- KeyCode::O, ModifierFlag::COMMAND_L, KeyCode::VK_MODIFIER_EXTRA4, KeyCode::CURSOR_RIGHT, ModifierFlag::COMMAND_L, KeyCode::RETURN</autogen>
        <config_only>option.homerow_mode_u_o_to_delete_space_newline</config_only>
      </block>

      <block>
        <autogen>--KeyOverlaidModifierWithRepeat-- KeyCode::U, KeyCode::VK_MODIFIER_EXTRA5, KeyCode::DELETE</autogen>
        <autogen>--KeyOverlaidModifierWithRepeat-- KeyCode::O, KeyCode::VK_MODIFIER_EXTRA5, KeyCode::SPACE</autogen>
        <config_only>option.homerow_mode_u_o_to_delete_space</config_only>
      </block>

      <autogen>--KeyToKey-- KeyCode::J, KeyCode::CURSOR_LEFT</autogen>
      <autogen>--KeyToKey-- KeyCode::K, KeyCode::CURSOR_DOWN</autogen>
      <autogen>--KeyToKey-- KeyCode::I, KeyCode::CURSOR_UP</autogen>
      <autogen>--KeyToKey-- KeyCode::L, KeyCode::CURSOR_RIGHT</autogen>

      <block>
        <config_only>option.homerow_mode_return</config_only>
        <autogen>--KeyToKey-- KeyCode::SEMICOLON, ModifierFlag::SHIFT_L, KeyCode::SEMICOLON, ModifierFlag::SHIFT_L</autogen>
        <autogen>--KeyToKey-- KeyCode::SEMICOLON, KeyCode::RETURN</autogen>
      </block>

      <block>
        <config_only>option.homerow_mode_g_to_duplicate</config_only>
        <autogen>--KeyToKey-- KeyCode::G, KeyCode::D, ModifierFlag::CONTROL_L | ModifierFlag::SHIFT_L</autogen>
      </block>

      <block>
        <autogen>--KeyToKey-- KeyCode::SLASH, ModifierFlag::SHIFT_L, KeyCode::SLASH, ModifierFlag::SHIFT_L</autogen>
        <autogen>--KeyToKey-- KeyCode::SLASH, KeyCode::SLASH, ModifierFlag::COMMAND_L</autogen>
        <config_only>option.homerow_mode_slash_to_command_slash</config_only>
      </block>

      <block>
        <config_only>option.homerow_mode_w_to_cmd_w</config_only>
        <block>
          <only>TERMINAL</only>
          <config_only>remap.app_term_screen_k</config_only>
          <autogen>--KeyToKey-- KeyCode::W, KeyCode::A, ModifierFlag::CONTROL_L, KeyCode::K</autogen>
        </block>
        <block>
          <only>TERMINAL</only>
          <config_only>remap.app_term_screen_ky</config_only>
          <autogen>--KeyToKey-- KeyCode::W, KeyCode::A, ModifierFlag::CONTROL_L, KeyCode::K, KeyCode::Y</autogen>
        </block>
        <autogen>--KeyToKey-- KeyCode::W, KeyCode::W, ModifierFlag::COMMAND_L</autogen>
      </block>

      <block>
        <block>
          <only>TERMINAL</only>
          <config_only>remap.app_term_screen_a</config_only>
          <autogen>--KeyToKey-- KeyCode::R, KeyCode::A, ModifierFlag::CONTROL_L, KeyCode::A, ModifierFlag::SHIFT_L</autogen>
        </block>
        <autogen>--KeyToKey-- KeyCode::R, KeyCode::R, ModifierFlag::COMMAND_L</autogen>
        <config_only>option.homerow_mode_r_to_command_r</config_only>
      </block>

      <block>
        <config_only>option.homerow_mode_t_to_command_t</config_only>
        <block>
          <only>TERMINAL</only>
          <config_only>remap.app_term_screen_c</config_only>
          <autogen>--KeyToKey-- KeyCode::T, KeyCode::A, ModifierFlag::CONTROL_L, KeyCode::C</autogen>
        </block>
        <autogen>--KeyToKey-- KeyCode::T, KeyCode::T, ModifierFlag::COMMAND_L</autogen>
      </block>

      <block>
        <autogen>--KeyToKey-- KeyCode::E, KeyCode::F, ModifierFlag::COMMAND_L</autogen>
        <config_only>option.homerow_mode_e_to_command_f</config_only>
      </block>
      <block>
        <autogen>--KeyToKey-- KeyCode::H, KeyCode::Z, ModifierFlag::COMMAND_L</autogen>
        <config_only>option.homerow_mode_h_to_undo</config_only>
      </block>

      <block>
        <autogen>--KeyToKey-- KeyCode::N, KeyCode::Z, ModifierFlag::COMMAND_L | ModifierFlag::SHIFT_L</autogen>
        <config_only>option.homerow_mode_n_to_redo</config_only>
      </block>

      <block>
        <autogen>--KeyToKey-- KeyCode::BACKSLASH, ModifierFlag::SHIFT_L, KeyCode::BACKSLASH, ModifierFlag::SHIFT_L</autogen>
        <autogen>--KeyToKey-- KeyCode::BACKSLASH, KeyCode::BACKSLASH, ModifierFlag::COMMAND_L</autogen>
        <config_only>option.homerow_mode_backslash</config_only>
      </block>

      <block>
        <autogen>--KeyToKey-- KeyCode::QUOTE, ModifierFlag::SHIFT_L, KeyCode::QUOTE, ModifierFlag::SHIFT_L</autogen>
        <autogen>--KeyToKey-- KeyCode::QUOTE, KeyCode::ESCAPE</autogen>
        <config_only>option.homerow_mode_quote_to_escape</config_only>
      </block>

      <block>
        <config_not>remap.homerow_mode_space_no_repeat</config_not>
        <autogen>--KeyOverlaidModifier-- KeyCode::S, KeyCode::VK_LAZY_CONTROL_L, KeyCode::X, ModifierFlag::COMMAND_L</autogen>
        <config_only>option.homerow_mode_s_to_control</config_only>
      </block>

      <block>
        <config_not>remap.homerow_mode_space_no_repeat</config_not>
        <autogen>--KeyOverlaidModifier-- KeyCode::D, KeyCode::VK_LAZY_OPTION_L, KeyCode::C, ModifierFlag::COMMAND_L</autogen>
        <config_only>option.homerow_mode_d_to_option</config_only>
      </block>

      <block>
        <config_not>remap.homerow_mode_space_no_repeat</config_not>
        <autogen>--KeyOverlaidModifier-- KeyCode::A, KeyCode::VK_LAZY_SHIFT_L, KeyCode::S, ModifierFlag::CONTROL_L</autogen>
        <config_only>option.homerow_mode_a_to_shift_select</config_only>
      </block>

      <block>
        <config_not>remap.homerow_mode_space_no_repeat</config_not>
        <config_only>option.homerow_mode_f_to_command</config_only>
        <autogen>--KeyOverlaidModifier-- KeyCode::F, KeyCode::VK_LAZY_COMMAND_L, KeyCode::V, ModifierFlag::COMMAND_L</autogen>
      </block>
    </item>

    <item>
      <name>Single Key Press Space turns on "Home Row Arrow and Modifier Mode"</name>
      <identifier>remap.homerow_mode_space_no_repeat</identifier>
      <autogen>--KeyOverlaidModifier-- KeyCode::SPACE, KeyCode::VK_CONFIG_SYNC_KEYDOWNUP_notsave_homerow_mode, ModifierFlag::EXTRA1, KeyCode::SPACE</autogen>
    </item>
    <item>
      <name>[Option] ; to Return</name>
      <identifier>option.homerow_mode_return</identifier>
    </item>
    <item>
      <config_only>remap.homerow_mode_space_no_repeat</config_only>
      <name>[Option] A to Shift</name>
      <appendix>(+ When you press A only send Control+S)</appendix>
      <identifier>option.homerow_mode_a_to_shift_select</identifier>
      <autogen>--KeyOverlaidModifier-- KeyCode::A, ModifierFlag::EXTRA1, KeyCode::VK_LAZY_SHIFT_L, ModifierFlag::EXTRA1, KeyCode::S, ModifierFlag::CONTROL_L</autogen>
    </item>
    <item>
      <config_only>remap.homerow_mode_space_no_repeat</config_only>
      <name>[Option] S to Control</name>
      <appendix>(+ When you press S only send Command+X)</appendix>
      <identifier>option.homerow_mode_s_to_control</identifier>
      <autogen>--KeyOverlaidModifier-- KeyCode::S, ModifierFlag::EXTRA1, KeyCode::VK_LAZY_CONTROL_L, ModifierFlag::EXTRA1, KeyCode::X, ModifierFlag::COMMAND_L</autogen>
    </item>
    <item>
      <config_only>remap.homerow_mode_space_no_repeat</config_only>
      <name>[Option] D to Option</name>
      <appendix>(+ When you press D only send Command+C)</appendix>
      <identifier>option.homerow_mode_d_to_option</identifier>
      <autogen>--KeyOverlaidModifier-- KeyCode::D, ModifierFlag::EXTRA1, KeyCode::VK_LAZY_OPTION_L, ModifierFlag::EXTRA1, KeyCode::C, ModifierFlag::COMMAND_L</autogen>
    </item>
    <item>
      <config_only>remap.homerow_mode_space_no_repeat</config_only>
      <name>[Option] F to Command</name>
      <appendix>(+ When you press F only send Command+V)</appendix>
      <identifier>option.homerow_mode_f_to_command</identifier>
      <autogen>--KeyOverlaidModifier-- KeyCode::F, ModifierFlag::EXTRA1, KeyCode::VK_LAZY_COMMAND_L, ModifierFlag::EXTRA1, KeyCode::V, ModifierFlag::COMMAND_L</autogen>
    </item>
    <item>
      <name>[Option] G to Control+Shift+D</name>
      <appendix>(Duplicate line in Texmate)</appendix>
      <identifier>option.homerow_mode_g_to_duplicate</identifier>
    </item>
    <item>
      <name>[Option] / to Command+/</name>
      <identifier>option.homerow_mode_slash_to_command_slash</identifier>
    </item>
    <item>
      <name>[Option] U/O to Backspace/Space</name>
      <appendix>+ when you keep U pressed and press O it sends Delete</appendix>
      <appendix>+ when you keep O pressed and press U it sends Spaceback(space+left)</appendix>
      <identifier>option.homerow_mode_u_o_to_delete_space</identifier>
    </item>
    <item>
      <name>[Option] Option+O to Tab</name>
      <appendix>+ when you keep O pressed and press U it sends Shift+Tab</appendix>
      <identifier>option.homerow_mode_u_o_to_delete_space_tab</identifier>
    </item>
    <item>
      <name>[Option] Command+O to New Empty Line</name>
      <appendix>+ when you keep O pressed and press U it send Empty line above</appendix>
      <identifier>option.homerow_mode_u_o_to_delete_space_newline</identifier>
    </item>
    <item>
      <name>[Option] W to Command+W (Close Window) </name>
      <identifier>option.homerow_mode_w_to_cmd_w</identifier>
    </item>
    <item>
      <name>[Option] R to Command+R</name>
      <identifier>option.homerow_mode_r_to_command_r</identifier>
    </item>
    <item>
      <name>[Option] T to Command+T</name>
      <identifier>option.homerow_mode_t_to_command_t</identifier>
    </item>
    <item>
      <name>[Option] E to Command+F</name>
      <identifier>option.homerow_mode_e_to_command_f</identifier>
    </item>
    <item>
      <name>[Option] H to Cmd+Z</name>
      <identifier>option.homerow_mode_h_to_undo</identifier>
    </item>
    <item>
      <name>[Option] N to Cmd+Shift+Z</name>
      <identifier>option.homerow_mode_n_to_redo</identifier>
    </item>
    <item>
      <name>[Option] Backslash to Command+Backslash</name>
      <identifier>option.homerow_mode_backslash</identifier>
    </item>
    <item>
      <name>[Option] Quote(') to Esc</name>
      <identifier>option.homerow_mode_quote_to_escape</identifier>
    </item>
  </list>
</item>
