<autogen>--KeyToKey-- KeyCode::F1,  ModifierFlag::FN, KeyCode::F1</autogen>
<autogen>--KeyToKey-- KeyCode::F2,  ModifierFlag::FN, KeyCode::F2</autogen>
<autogen>--KeyToKey-- KeyCode::F3,  ModifierFlag::FN, KeyCode::F3</autogen>
<autogen>--KeyToKey-- KeyCode::F4,  ModifierFlag::FN, KeyCode::F4</autogen>
<autogen>--KeyToKey-- KeyCode::F7,  ModifierFlag::FN, KeyCode::F7</autogen>
<autogen>--KeyToKey-- KeyCode::F8,  ModifierFlag::FN, KeyCode::F8</autogen>
<autogen>--KeyToKey-- KeyCode::F9,  ModifierFlag::FN, KeyCode::F9</autogen>
<autogen>--KeyToKey-- KeyCode::F10, ModifierFlag::FN, KeyCode::F10</autogen>
<autogen>--KeyToKey-- KeyCode::F11, ModifierFlag::FN, KeyCode::F11</autogen>
<autogen>--KeyToKey-- KeyCode::F12, ModifierFlag::FN, KeyCode::F12</autogen>
